team_abbr,position,player_id,player_name,team_conf,team_division,lookup_string
ARI,K,00-0023853,M.Prater,NFC,NFC West,"K, ARI: M.Prater (NFC West, ID: 00-0023853)"
ARI,QB,00-0027688,D.McCoy,NFC,NFC West,"QB, ARI: D.McCoy (NFC West, ID: 00-0027688)"
ARI,TE,00-0030061,Z.Ertz,NFC,NFC West,"TE, ARI: Z.Ertz (NFC West, ID: 00-0030061)"
ARI,RB,00-0030874,D.Williams,NFC,NFC West,"RB, ARI: D.Williams (NFC West, ID: 00-0030874)"
ARI,TE,00-0032141,G.Swaim,NFC,NFC West,"TE, ARI: G.Swaim (NFC West, ID: 00-0032141)"
ARI,WR,00-0033251,Z.Pascal,NFC,NFC West,"WR, ARI: Z.Pascal (NFC West, ID: 00-0033251)"
ARI,RB,00-0033553,J.Conner,NFC,NFC West,"RB, ARI: J.Conner (NFC West, ID: 00-0033553)"
ARI,RB,00-0033725,C.Clement,NFC,NFC West,"RB, ARI: C.Clement (NFC West, ID: 00-0033725)"
ARI,RB,00-0033951,M.Mack,NFC,NFC West,"RB, ARI: M.Mack (NFC West, ID: 00-0033951)"
ARI,QB,00-0035228,K.Murray,NFC,NFC West,"QB, ARI: K.Murray (NFC West, ID: 00-0035228)"
ARI,WR,00-0035500,G.Dortch,NFC,NFC West,"WR, ARI: G.Dortch (NFC West, ID: 00-0035500)"
ARI,WR,00-0035510,J.Smith,NFC,NFC West,"WR, ARI: J.Smith (NFC West, ID: 00-0035510)"
ARI,WR,00-0035662,M.Brown,NFC,NFC West,"WR, ARI: M.Brown (NFC West, ID: 00-0035662)"
ARI,RB,00-0035860,T.Jones,NFC,NFC West,"RB, ARI: T.Jones (NFC West, ID: 00-0035860)"
ARI,WR,00-0035876,A.Baccellia,NFC,NFC West,"WR, ARI: A.Baccellia (NFC West, ID: 00-0035876)"
ARI,WR,00-0035976,D.Chisena,NFC,NFC West,"WR, ARI: D.Chisena (NFC West, ID: 00-0035976)"
ARI,RB,00-0036457,T.Williams,NFC,NFC West,"RB, ARI: T.Williams (NFC West, ID: 00-0036457)"
ARI,RB,00-0036548,S.Scott,NFC,NFC West,"RB, ARI: S.Scott (NFC West, ID: 00-0036548)"
ARI,WR,00-0036775,B.Smith,NFC,NFC West,"WR, ARI: B.Smith (NFC West, ID: 00-0036775)"
ARI,RB,00-0036924,M.Carter,NFC,NFC West,"RB, ARI: M.Carter (NFC West, ID: 00-0036924)"
ARI,WR,00-0036936,R.Moore,NFC,NFC West,"WR, ARI: R.Moore (NFC West, ID: 00-0036936)"
ARI,TE,00-0037020,B.Seikovits,NFC,NFC West,"TE, ARI: B.Seikovits (NFC West, ID: 00-0037020)"
ARI,WR,00-0037380,K.Davis,NFC,NFC West,"WR, ARI: K.Davis (NFC West, ID: 00-0037380)"
ARI,TE,00-0037744,T.McBride,NFC,NFC West,"TE, ARI: T.McBride (NFC West, ID: 00-0037744)"
ARI,TE,00-0038456,T.Vokolek,NFC,NFC West,"TE, ARI: T.Vokolek (NFC West, ID: 00-0038456)"
ARI,WR,00-0038559,M.Wilson,NFC,NFC West,"WR, ARI: M.Wilson (NFC West, ID: 00-0038559)"
ARI,QB,00-0038582,C.Tune,NFC,NFC West,"QB, ARI: C.Tune (NFC West, ID: 00-0038582)"
ARI,WR,00-0038702,D.Arias,NFC,NFC West,"WR, ARI: D.Arias (NFC West, ID: 00-0038702)"
ARI,RB,00-0038705,E.Demercado,NFC,NFC West,"RB, ARI: E.Demercado (NFC West, ID: 00-0038705)"
ARI,TE,00-0038706,J.Honigford,NFC,NFC West,"TE, ARI: J.Honigford (NFC West, ID: 00-0038706)"
ARI,TE,00-0038710,B.Whiteheart,NFC,NFC West,"TE, ARI: B.Whiteheart (NFC West, ID: 00-0038710)"
ARI,WR,00-0039011,B.Cobbs,NFC,NFC West,"WR, ARI: B.Cobbs (NFC West, ID: 00-0039011)"
ARI,TE,00-0039041,E.Higgins,NFC,NFC West,"TE, ARI: E.Higgins (NFC West, ID: 00-0039041)"
ATL,RB,00-0030578,C.Patterson,NFC,NFC South,"RB, ATL: C.Patterson (NFC South, ID: 00-0030578)"
ATL,RB,00-0030968,A.Smith,NFC,NFC South,"RB, ATL: A.Smith (NFC South, ID: 00-0030968)"
ATL,TE,00-0031585,M.Pruitt,NFC,NFC South,"TE, ATL: M.Pruitt (NFC South, ID: 00-0031585)"
ATL,QB,00-0031800,T.Heinicke,NFC,NFC South,"QB, ATL: T.Heinicke (NFC South, ID: 00-0031800)"
ATL,WR,00-0031868,D.Byrd,NFC,NFC South,"WR, ATL: D.Byrd (NFC South, ID: 00-0031868)"
ATL,WR,00-0033555,M.Hollins,NFC,NFC South,"WR, ATL: M.Hollins (NFC South, ID: 00-0033555)"
ATL,K,00-0033702,Y.Koo,NFC,NFC South,"K, ATL: Y.Koo (NFC South, ID: 00-0033702)"
ATL,TE,00-0033858,J.Smith,NFC,NFC South,"TE, ATL: J.Smith (NFC South, ID: 00-0033858)"
ATL,QB,00-0034438,L.Woodside,NFC,NFC South,"QB, ATL: L.Woodside (NFC South, ID: 00-0034438)"
ATL,WR,00-0034854,K.Hodge,NFC,NFC South,"WR, ATL: K.Hodge (NFC South, ID: 00-0034854)"
ATL,WR,00-0035022,P.Hart,NFC,NFC South,"WR, ATL: P.Hart (NFC South, ID: 00-0035022)"
ATL,WR,00-0035246,J.Arcega-Whiteside,NFC,NFC South,"WR, ATL: J.Arcega-Whiteside (NFC South, ID: 00-0035246)"
ATL,WR,00-0035298,S.Miller,NFC,NFC South,"WR, ATL: S.Miller (NFC South, ID: 00-0035298)"
ATL,TE,00-0035572,P.Hesse,NFC,NFC South,"TE, ATL: P.Hesse (NFC South, ID: 00-0035572)"
ATL,WR,00-0036415,V.Jefferson,NFC,NFC South,"WR, ATL: V.Jefferson (NFC South, ID: 00-0036415)"
ATL,WR,00-0036463,C.Blair,NFC,NFC South,"WR, ATL: C.Blair (NFC South, ID: 00-0036463)"
ATL,TE,00-0036825,F.Franks,NFC,NFC South,"TE, ATL: F.Franks (NFC South, ID: 00-0036825)"
ATL,WR,00-0036910,C.Saunders,NFC,NFC South,"WR, ATL: C.Saunders (NFC South, ID: 00-0036910)"
ATL,RB,00-0036950,A.Williams,NFC,NFC South,"RB, ATL: A.Williams (NFC South, ID: 00-0036950)"
ATL,WR,00-0036951,F.Darby,NFC,NFC South,"WR, ATL: F.Darby (NFC South, ID: 00-0036951)"
ATL,TE,00-0036970,K.Pitts,NFC,NFC South,"TE, ATL: K.Pitts (NFC South, ID: 00-0036970)"
ATL,WR,00-0037173,S.Bolden,NFC,NFC South,"WR, ATL: S.Bolden (NFC South, ID: 00-0037173)"
ATL,WR,00-0037238,D.London,NFC,NFC South,"WR, ATL: D.London (NFC South, ID: 00-0037238)"
ATL,RB,00-0037263,T.Allgeier,NFC,NFC South,"RB, ATL: T.Allgeier (NFC South, ID: 00-0037263)"
ATL,TE,00-0037306,J.FitzPatrick,NFC,NFC South,"TE, ATL: J.FitzPatrick (NFC South, ID: 00-0037306)"
ATL,WR,00-0037580,J.Bernhardt,NFC,NFC South,"WR, ATL: J.Bernhardt (NFC South, ID: 00-0037580)"
ATL,TE,00-0037654,T.Fisk,NFC,NFC South,"TE, ATL: T.Fisk (NFC South, ID: 00-0037654)"
ATL,QB,00-0038122,D.Ridder,NFC,NFC South,"QB, ATL: D.Ridder (NFC South, ID: 00-0038122)"
ATL,WR,00-0038149,J.Ali,NFC,NFC South,"WR, ATL: J.Ali (NFC South, ID: 00-0038149)"
ATL,RB,00-0038156,C.Ratkovich,NFC,NFC South,"RB, ATL: C.Ratkovich (NFC South, ID: 00-0038156)"
ATL,RB,00-0038542,B.Robinson,NFC,NFC South,"RB, ATL: B.Robinson (NFC South, ID: 00-0038542)"
ATL,RB,00-0038896,J.Saylors,NFC,NFC South,"RB, ATL: J.Saylors (NFC South, ID: 00-0038896)"
ATL,WR,00-0038926,K.Harris,NFC,NFC South,"WR, ATL: K.Harris (NFC South, ID: 00-0038926)"
ATL,WR,00-0038928,X.Malone,NFC,NFC South,"WR, ATL: X.Malone (NFC South, ID: 00-0038928)"
ATL,RB,00-0038930,C.Washington,NFC,NFC South,"RB, ATL: C.Washington (NFC South, ID: 00-0038930)"
BAL,QB,00-0026300,J.Johnson,AFC,AFC North,"QB, BAL: J.Johnson (AFC North, ID: 00-0026300)"
BAL,K,00-0029597,J.Tucker,AFC,AFC North,"K, BAL: J.Tucker (AFC North, ID: 00-0029597)"
BAL,WR,00-0031235,O.Beckham,AFC,AFC North,"WR, BAL: O.Beckham (AFC North, ID: 00-0031235)"
BAL,WR,00-0031549,N.Agholor,AFC,AFC North,"WR, BAL: N.Agholor (AFC North, ID: 00-0031549)"
BAL,RB,00-0032144,M.Gordon,AFC,AFC North,"RB, BAL: M.Gordon (AFC North, ID: 00-0032144)"
BAL,WR,00-0032951,L.Treadwell,AFC,AFC North,"WR, BAL: L.Treadwell (AFC North, ID: 00-0032951)"
BAL,RB,00-0033376,P.Ricard,AFC,AFC North,"RB, BAL: P.Ricard (AFC North, ID: 00-0033376)"
BAL,RB,00-0033893,D.Cook,AFC,AFC North,"RB, BAL: D.Cook (AFC North, ID: 00-0033893)"
BAL,RB,00-0034184,G.Edwards,AFC,AFC North,"RB, BAL: G.Edwards (AFC North, ID: 00-0034184)"
BAL,TE,00-0034753,M.Andrews,AFC,AFC North,"TE, BAL: M.Andrews (AFC North, ID: 00-0034753)"
BAL,QB,00-0034796,L.Jackson,AFC,AFC North,"QB, BAL: L.Jackson (AFC North, ID: 00-0034796)"
BAL,RB,00-0034975,J.Hill,AFC,AFC North,"RB, BAL: J.Hill (AFC North, ID: 00-0034975)"
BAL,TE,00-0035769,S.Washington,AFC,AFC North,"TE, BAL: S.Washington (AFC North, ID: 00-0035769)"
BAL,QB,00-0035993,T.Huntley,AFC,AFC North,"QB, BAL: T.Huntley (AFC North, ID: 00-0035993)"
BAL,RB,00-0036158,J.Dobbins,AFC,AFC North,"RB, BAL: J.Dobbins (AFC North, ID: 00-0036158)"
BAL,WR,00-0036331,D.Duvernay,AFC,AFC North,"WR, BAL: D.Duvernay (AFC North, ID: 00-0036331)"
BAL,WR,00-0036491,T.Black,AFC,AFC North,"WR, BAL: T.Black (AFC North, ID: 00-0036491)"
BAL,WR,00-0036550,R.Bateman,AFC,AFC North,"WR, BAL: R.Bateman (AFC North, ID: 00-0036550)"
BAL,TE,00-0036565,B.Mason,AFC,AFC North,"TE, BAL: B.Mason (AFC North, ID: 00-0036565)"
BAL,WR,00-0036630,T.Wallace,AFC,AFC North,"WR, BAL: T.Wallace (AFC North, ID: 00-0036630)"
BAL,RB,00-0036860,J.Funk,AFC,AFC North,"RB, BAL: J.Funk (AFC North, ID: 00-0036860)"
BAL,WR,00-0037174,S.Bridges,AFC,AFC North,"WR, BAL: S.Bridges (AFC North, ID: 00-0037174)"
BAL,QB,00-0037175,A.Brown,AFC,AFC North,"QB, BAL: A.Brown (AFC North, ID: 00-0037175)"
BAL,TE,00-0037838,I.Likely,AFC,AFC North,"TE, BAL: I.Likely (AFC North, ID: 00-0037838)"
BAL,TE,00-0038046,C.Kolar,AFC,AFC North,"TE, BAL: C.Kolar (AFC North, ID: 00-0038046)"
BAL,WR,00-0038447,D.Demus,AFC,AFC North,"WR, BAL: D.Demus (AFC North, ID: 00-0038447)"
BAL,RB,00-0038454,K.Mitchell,AFC,AFC North,"RB, BAL: K.Mitchell (AFC North, ID: 00-0038454)"
BAL,WR,00-0038455,S.Ryan,AFC,AFC North,"WR, BAL: S.Ryan (AFC North, ID: 00-0038455)"
BAL,RB,00-0038458,O.Wright,AFC,AFC North,"RB, BAL: O.Wright (AFC North, ID: 00-0038458)"
BAL,QB,00-0038911,M.Cunningham,AFC,AFC North,"QB, BAL: M.Cunningham (AFC North, ID: 00-0038911)"
BAL,WR,00-0039064,X.Flowers,AFC,AFC North,"WR, BAL: X.Flowers (AFC North, ID: 00-0039064)"
BUF,RB,00-0030513,L.Murray,AFC,AFC East,"RB, BUF: L.Murray (AFC East, ID: 00-0030513)"
BUF,WR,00-0031588,S.Diggs,AFC,AFC East,"WR, BUF: S.Diggs (AFC East, ID: 00-0031588)"
BUF,RB,00-0033856,L.Fournette,AFC,AFC East,"RB, BUF: L.Fournette (AFC East, ID: 00-0033856)"
BUF,RB,00-0034367,N.Hines,AFC,AFC East,"RB, BUF: N.Hines (AFC East, ID: 00-0034367)"
BUF,WR,00-0034487,T.Sherfield,AFC,AFC East,"WR, BUF: T.Sherfield (AFC East, ID: 00-0034487)"
BUF,QB,00-0034577,K.Allen,AFC,AFC East,"QB, BUF: K.Allen (AFC East, ID: 00-0034577)"
BUF,WR,00-0034747,M.Ateman,AFC,AFC East,"WR, BUF: M.Ateman (AFC East, ID: 00-0034747)"
BUF,QB,00-0034857,J.Allen,AFC,AFC East,"QB, BUF: J.Allen (AFC East, ID: 00-0034857)"
BUF,WR,00-0035215,D.Harty,AFC,AFC East,"WR, BUF: D.Harty (AFC East, ID: 00-0035215)"
BUF,WR,00-0035287,K.Johnson,AFC,AFC East,"WR, BUF: K.Johnson (AFC East, ID: 00-0035287)"
BUF,WR,00-0035527,A.Isabella,AFC,AFC East,"WR, BUF: A.Isabella (AFC East, ID: 00-0035527)"
BUF,RB,00-0035537,T.Johnson,AFC,AFC East,"RB, BUF: T.Johnson (AFC East, ID: 00-0035537)"
BUF,RB,00-0035657,D.Harris,AFC,AFC East,"RB, BUF: D.Harris (AFC East, ID: 00-0035657)"
BUF,TE,00-0035671,J.Sternberger,AFC,AFC East,"TE, BUF: J.Sternberger (AFC East, ID: 00-0035671)"
BUF,TE,00-0035689,D.Knox,AFC,AFC East,"TE, BUF: D.Knox (AFC East, ID: 00-0035689)"
BUF,K,00-0036162,T.Bass,AFC,AFC East,"K, BUF: T.Bass (AFC East, ID: 00-0036162)"
BUF,RB,00-0036187,R.Gilliam,AFC,AFC East,"RB, BUF: R.Gilliam (AFC East, ID: 00-0036187)"
BUF,WR,00-0036196,G.Davis,AFC,AFC East,"WR, BUF: G.Davis (AFC East, ID: 00-0036196)"
BUF,WR,00-0036308,I.Coulter,AFC,AFC East,"WR, BUF: I.Coulter (AFC East, ID: 00-0036308)"
BUF,TE,00-0036590,Q.Morris,AFC,AFC East,"TE, BUF: Q.Morris (AFC East, ID: 00-0036590)"
BUF,TE,00-0036640,Z.Davidson,AFC,AFC East,"TE, BUF: Z.Davidson (AFC East, ID: 00-0036640)"
BUF,QB,00-0036679,S.Buechele,AFC,AFC East,"QB, BUF: S.Buechele (AFC East, ID: 00-0036679)"
BUF,TE,00-0037011,T.McKitty,AFC,AFC East,"TE, BUF: T.McKitty (AFC East, ID: 00-0037011)"
BUF,RB,00-0037248,J.Cook,AFC,AFC East,"RB, BUF: J.Cook (AFC East, ID: 00-0037248)"
BUF,WR,00-0037261,K.Shakir,AFC,AFC East,"WR, BUF: K.Shakir (AFC East, ID: 00-0037261)"
BUF,WR,00-0038590,J.Shorter,AFC,AFC East,"WR, BUF: J.Shorter (AFC East, ID: 00-0038590)"
BUF,WR,00-0038679,T.Shavers,AFC,AFC East,"WR, BUF: T.Shavers (AFC East, ID: 00-0038679)"
BUF,WR,00-0038680,B.Thompson,AFC,AFC East,"WR, BUF: B.Thompson (AFC East, ID: 00-0038680)"
BUF,TE,00-0038933,D.Kincaid,AFC,AFC East,"TE, BUF: D.Kincaid (AFC East, ID: 00-0038933)"
CAR,QB,00-0027973,A.Dalton,NFC,NFC South,"QB, CAR: A.Dalton (NFC South, ID: 00-0027973)"
CAR,WR,00-0030035,A.Thielen,NFC,NFC South,"WR, CAR: A.Thielen (NFC South, ID: 00-0030035)"
CAR,TE,00-0031299,J.Matthews,NFC,NFC South,"TE, CAR: J.Matthews (NFC South, ID: 00-0031299)"
CAR,RB,00-0033556,T.Cohen,NFC,NFC South,"RB, CAR: T.Cohen (NFC South, ID: 00-0033556)"
CAR,WR,00-0034104,C.Sims,NFC,NFC South,"WR, CAR: C.Sims (NFC South, ID: 00-0034104)"
CAR,K,00-0034173,E.Pineiro,NFC,NFC South,"K, CAR: E.Pineiro (NFC South, ID: 00-0034173)"
CAR,RB,00-0034208,M.Boone,NFC,NFC South,"RB, CAR: M.Boone (NFC South, ID: 00-0034208)"
CAR,TE,00-0034365,I.Thomas,NFC,NFC South,"TE, CAR: I.Thomas (NFC South, ID: 00-0034365)"
CAR,WR,00-0034426,J.Wims,NFC,NFC South,"WR, CAR: J.Wims (NFC South, ID: 00-0034426)"
CAR,WR,00-0034777,D.Chark,NFC,NFC South,"WR, CAR: D.Chark (NFC South, ID: 00-0034777)"
CAR,TE,00-0034830,H.Hurst,NFC,NFC South,"TE, CAR: H.Hurst (NFC South, ID: 00-0034830)"
CAR,K,00-0035189,M.Wright,NFC,NFC South,"K, CAR: M.Wright (NFC South, ID: 00-0035189)"
CAR,RB,00-0035243,M.Sanders,NFC,NFC South,"RB, CAR: M.Sanders (NFC South, ID: 00-0035243)"
CAR,WR,00-0035589,G.Jennings,NFC,NFC South,"WR, CAR: G.Jennings (NFC South, ID: 00-0035589)"
CAR,TE,00-0035956,G.Ricci,NFC,NFC South,"TE, CAR: G.Ricci (NFC South, ID: 00-0035956)"
CAR,WR,00-0036228,D.Patmon,NFC,NFC South,"WR, CAR: D.Patmon (NFC South, ID: 00-0036228)"
CAR,WR,00-0036268,L.Shenault,NFC,NFC South,"WR, CAR: L.Shenault (NFC South, ID: 00-0036268)"
CAR,QB,00-0036312,J.Luton,NFC,NFC South,"QB, CAR: J.Luton (NFC South, ID: 00-0036312)"
CAR,TE,00-0036438,S.Sullivan,NFC,NFC South,"TE, CAR: S.Sullivan (NFC South, ID: 00-0036438)"
CAR,WR,00-0036482,M.Strachan,NFC,NFC South,"WR, CAR: M.Strachan (NFC South, ID: 00-0036482)"
CAR,RB,00-0036543,S.Brown,NFC,NFC South,"RB, CAR: S.Brown (NFC South, ID: 00-0036543)"
CAR,RB,00-0036555,C.Hubbard,NFC,NFC South,"RB, CAR: C.Hubbard (NFC South, ID: 00-0036555)"
CAR,WR,00-0036571,M.Stevenson,NFC,NFC South,"WR, CAR: M.Stevenson (NFC South, ID: 00-0036571)"
CAR,WR,00-0036635,I.Smith-Marsette,NFC,NFC South,"WR, CAR: I.Smith-Marsette (NFC South, ID: 00-0036635)"
CAR,WR,00-0036858,J.Camp,NFC,NFC South,"WR, CAR: J.Camp (NFC South, ID: 00-0036858)"
CAR,WR,00-0036955,T.Marshall,NFC,NFC South,"WR, CAR: T.Marshall (NFC South, ID: 00-0036955)"
CAR,TE,00-0037005,T.Tremble,NFC,NFC South,"TE, CAR: T.Tremble (NFC South, ID: 00-0037005)"
CAR,WR,00-0037368,D.Wright,NFC,NFC South,"WR, CAR: D.Wright (NFC South, ID: 00-0037368)"
CAR,RB,00-0037429,R.Blackshear,NFC,NFC South,"RB, CAR: R.Blackshear (NFC South, ID: 00-0037429)"
CAR,TE,00-0037556,C.Pierce,NFC,NFC South,"TE, CAR: C.Pierce (NFC South, ID: 00-0037556)"
CAR,WR,00-0038762,M.Landers,NFC,NFC South,"WR, CAR: M.Landers (NFC South, ID: 00-0038762)"
CAR,RB,00-0038777,C.Peoples,NFC,NFC South,"RB, CAR: C.Peoples (NFC South, ID: 00-0038777)"
CAR,WR,00-0038780,J.Vann,NFC,NFC South,"WR, CAR: J.Vann (NFC South, ID: 00-0038780)"
CAR,WR,00-0039062,J.Mingo,NFC,NFC South,"WR, CAR: J.Mingo (NFC South, ID: 00-0039062)"
CAR,QB,00-0039150,B.Young,NFC,NFC South,"QB, CAR: B.Young (NFC South, ID: 00-0039150)"
CHI,TE,00-0024243,M.Lewis,NFC,NFC North,"TE, CHI: M.Lewis (NFC North, ID: 00-0024243)"
CHI,K,00-0031203,C.Santos,NFC,NFC North,"K, CHI: C.Santos (NFC North, ID: 00-0031203)"
CHI,WR,00-0033292,T.Taylor,NFC,NFC North,"WR, CHI: T.Taylor (NFC North, ID: 00-0033292)"
CHI,WR,00-0033471,I.Ford,NFC,NFC North,"WR, CHI: I.Ford (NFC North, ID: 00-0033471)"
CHI,TE,00-0033757,R.Tonyan,NFC,NFC North,"TE, CHI: R.Tonyan (NFC North, ID: 00-0033757)"
CHI,RB,00-0033925,D.Foreman,NFC,NFC North,"RB, CHI: D.Foreman (NFC North, ID: 00-0033925)"
CHI,QB,00-0033958,N.Peterman,NFC,NFC North,"QB, CHI: N.Peterman (NFC North, ID: 00-0033958)"
CHI,WR,00-0034279,E.St. Brown,NFC,NFC North,"WR, CHI: E.St. Brown (NFC North, ID: 00-0034279)"
CHI,WR,00-0034827,D.Moore,NFC,NFC North,"WR, CHI: D.Moore (NFC North, ID: 00-0034827)"
CHI,WR,00-0034860,D.Pettis,NFC,NFC North,"WR, CHI: D.Pettis (NFC North, ID: 00-0034860)"
CHI,TE,00-0035039,S.Carlson,NFC,NFC North,"TE, CHI: S.Carlson (NFC North, ID: 00-0035039)"
CHI,RB,00-0035099,K.Blasingame,NFC,NFC North,"RB, CHI: K.Blasingame (NFC North, ID: 00-0035099)"
CHI,RB,00-0035594,T.Homer,NFC,NFC North,"RB, CHI: T.Homer (NFC North, ID: 00-0035594)"
CHI,WR,00-0035621,N.Webster,NFC,NFC North,"WR, CHI: N.Webster (NFC North, ID: 00-0035621)"
CHI,TE,00-0035787,J.Pinkney,NFC,NFC North,"TE, CHI: J.Pinkney (NFC North, ID: 00-0035787)"
CHI,WR,00-0036254,C.Johnson,NFC,NFC North,"WR, CHI: C.Johnson (NFC North, ID: 00-0036254)"
CHI,TE,00-0036290,C.Kmet,NFC,NFC North,"TE, CHI: C.Kmet (NFC North, ID: 00-0036290)"
CHI,WR,00-0036309,D.Mooney,NFC,NFC North,"WR, CHI: D.Mooney (NFC North, ID: 00-0036309)"
CHI,WR,00-0036377,J.Reed,NFC,NFC North,"WR, CHI: J.Reed (NFC North, ID: 00-0036377)"
CHI,RB,00-0036906,K.Herbert,NFC,NFC North,"RB, CHI: K.Herbert (NFC North, ID: 00-0036906)"
CHI,QB,00-0036945,J.Fields,NFC,NFC North,"QB, CHI: J.Fields (NFC North, ID: 00-0036945)"
CHI,RB,00-0037087,T.Ebner,NFC,NFC North,"RB, CHI: T.Ebner (NFC North, ID: 00-0037087)"
CHI,K,00-0037542,J.Romo,NFC,NFC North,"K, CHI: J.Romo (NFC North, ID: 00-0037542)"
CHI,WR,00-0037745,V.Jones,NFC,NFC North,"WR, CHI: V.Jones (NFC North, ID: 00-0037745)"
CHI,QB,00-0038416,T.Bagent,NFC,NFC North,"QB, CHI: T.Bagent (NFC North, ID: 00-0038416)"
CHI,RB,00-0038419,R.Burns,NFC,NFC North,"RB, CHI: R.Burns (NFC North, ID: 00-0038419)"
CHI,WR,00-0038941,T.Scott,NFC,NFC North,"WR, CHI: T.Scott (NFC North, ID: 00-0038941)"
CHI,RB,00-0039021,R.Johnson,NFC,NFC North,"RB, CHI: R.Johnson (NFC North, ID: 00-0039021)"
CHI,TE,00-0039188,L.Pitts,NFC,NFC North,"TE, CHI: L.Pitts (NFC North, ID: 00-0039188)"
CIN,QB,00-0031288,R.McCarron,AFC,AFC North,"QB, CIN: R.McCarron (AFC North, ID: 00-0031288)"
CIN,WR,00-0033009,T.Boyd,AFC,AFC North,"WR, CIN: T.Boyd (AFC North, ID: 00-0033009)"
CIN,RB,00-0033897,J.Mixon,AFC,AFC North,"RB, CIN: J.Mixon (AFC North, ID: 00-0033897)"
CIN,TE,00-0034613,T.Hudson,AFC,AFC North,"TE, CIN: T.Hudson (AFC North, ID: 00-0034613)"
CIN,TE,00-0034970,I.Smith,AFC,AFC North,"TE, CIN: I.Smith (AFC North, ID: 00-0034970)"
CIN,QB,00-0035100,J.Browning,AFC,AFC North,"QB, CIN: J.Browning (AFC North, ID: 00-0035100)"
CIN,RB,00-0035291,T.Williams,AFC,AFC North,"RB, CIN: T.Williams (AFC North, ID: 00-0035291)"
CIN,WR,00-0035341,T.Irwin,AFC,AFC North,"WR, CIN: T.Irwin (AFC North, ID: 00-0035341)"
CIN,WR,00-0035399,S.Morgan,AFC,AFC North,"WR, CIN: S.Morgan (AFC North, ID: 00-0035399)"
CIN,TE,00-0035631,D.Sample,AFC,AFC North,"TE, CIN: D.Sample (AFC North, ID: 00-0035631)"
CIN,TE,00-0035771,M.Wilcox,AFC,AFC North,"TE, CIN: M.Wilcox (AFC North, ID: 00-0035771)"
CIN,QB,00-0036052,R.Sinnett,AFC,AFC North,"QB, CIN: R.Sinnett (AFC North, ID: 00-0036052)"
CIN,WR,00-0036410,T.Higgins,AFC,AFC North,"WR, CIN: T.Higgins (AFC North, ID: 00-0036410)"
CIN,QB,00-0036442,J.Burrow,AFC,AFC North,"QB, CIN: J.Burrow (AFC North, ID: 00-0036442)"
CIN,RB,00-0036654,D.Felton,AFC,AFC North,"RB, CIN: D.Felton (AFC North, ID: 00-0036654)"
CIN,K,00-0036854,E.McPherson,AFC,AFC North,"K, CIN: E.McPherson (AFC North, ID: 00-0036854)"
CIN,RB,00-0036857,C.Evans,AFC,AFC North,"RB, CIN: C.Evans (AFC North, ID: 00-0036857)"
CIN,WR,00-0036900,J.Chase,AFC,AFC North,"WR, CIN: J.Chase (AFC North, ID: 00-0036900)"
CIN,WR,00-0037420,K.Lassiter,AFC,AFC North,"WR, CIN: K.Lassiter (AFC North, ID: 00-0037420)"
CIN,WR,00-0037422,K.Pryor,AFC,AFC North,"WR, CIN: K.Pryor (AFC North, ID: 00-0037422)"
CIN,QB,00-0038137,D.Plitt,AFC,AFC North,"QB, CIN: D.Plitt (AFC North, ID: 00-0038137)"
CIN,WR,00-0038576,C.Jones,AFC,AFC North,"WR, CIN: C.Jones (AFC North, ID: 00-0038576)"
CIN,RB,00-0038597,C.Brown,AFC,AFC North,"RB, CIN: C.Brown (AFC North, ID: 00-0038597)"
CIN,WR,00-0038619,A.Iosivas,AFC,AFC North,"WR, CIN: A.Iosivas (AFC North, ID: 00-0038619)"
CIN,WR,00-0038886,M.Carter,AFC,AFC North,"WR, CIN: M.Carter (AFC North, ID: 00-0038886)"
CIN,WR,00-0038887,M.Hippenhammer,AFC,AFC North,"WR, CIN: M.Hippenhammer (AFC North, ID: 00-0038887)"
CIN,WR,00-0038891,S.Jackson,AFC,AFC North,"WR, CIN: S.Jackson (AFC North, ID: 00-0038891)"
CIN,TE,00-0038897,C.Trahan,AFC,AFC North,"TE, CIN: C.Trahan (AFC North, ID: 00-0038897)"
CIN,RB,00-0038898,C.Tyler,AFC,AFC North,"RB, CIN: C.Tyler (AFC North, ID: 00-0038898)"
CLE,QB,00-0026158,J.Flacco,AFC,AFC North,"QB, CLE: J.Flacco (AFC North, ID: 00-0026158)"
CLE,WR,00-0030068,M.Goodwin,AFC,AFC North,"WR, CLE: M.Goodwin (AFC North, ID: 00-0030068)"
CLE,K,00-0030098,D.Hopkins,AFC,AFC North,"K, CLE: D.Hopkins (AFC North, ID: 00-0030098)"
CLE,WR,00-0031544,A.Cooper,AFC,AFC North,"WR, CLE: A.Cooper (AFC North, ID: 00-0031544)"
CLE,QB,00-0032436,J.Driskel,AFC,AFC North,"QB, CLE: J.Driskel (AFC North, ID: 00-0032436)"
CLE,WR,00-0032791,J.Grant,AFC,AFC North,"WR, CLE: J.Grant (AFC North, ID: 00-0032791)"
CLE,QB,00-0033275,P.Walker,AFC,AFC North,"QB, CLE: P.Walker (AFC North, ID: 00-0033275)"
CLE,QB,00-0033537,D.Watson,AFC,AFC North,"QB, CLE: D.Watson (AFC North, ID: 00-0033537)"
CLE,TE,00-0033885,D.Njoku,AFC,AFC North,"TE, CLE: D.Njoku (AFC North, ID: 00-0033885)"
CLE,RB,00-0033923,K.Hunt,AFC,AFC North,"RB, CLE: K.Hunt (AFC North, ID: 00-0033923)"
CLE,TE,00-0034364,J.Akins,AFC,AFC North,"TE, CLE: J.Akins (AFC North, ID: 00-0034364)"
CLE,RB,00-0034400,J.Wilkins,AFC,AFC North,"RB, CLE: J.Wilkins (AFC North, ID: 00-0034400)"
CLE,RB,00-0034791,N.Chubb,AFC,AFC North,"RB, CLE: N.Chubb (AFC North, ID: 00-0034791)"
CLE,RB,00-0034808,J.Kelly,AFC,AFC North,"RB, CLE: J.Kelly (AFC North, ID: 00-0034808)"
CLE,WR,00-0034930,T.Benson,AFC,AFC North,"WR, CLE: T.Benson (AFC North, ID: 00-0034930)"
CLE,WR,00-0036133,J.Proche,AFC,AFC North,"WR, CLE: J.Proche (AFC North, ID: 00-0036133)"
CLE,TE,00-0036232,H.Bryant,AFC,AFC North,"TE, CLE: H.Bryant (AFC North, ID: 00-0036232)"
CLE,RB,00-0036582,N.McCrary,AFC,AFC North,"RB, CLE: N.McCrary (AFC North, ID: 00-0036582)"
CLE,WR,00-0036676,A.Watkins,AFC,AFC North,"WR, CLE: A.Watkins (AFC North, ID: 00-0036676)"
CLE,K,00-0036816,R.Patterson,AFC,AFC North,"K, CLE: R.Patterson (AFC North, ID: 00-0036816)"
CLE,WR,00-0036877,J.Darden,AFC,AFC North,"WR, CLE: J.Darden (AFC North, ID: 00-0036877)"
CLE,WR,00-0036980,E.Moore,AFC,AFC North,"WR, CLE: E.Moore (AFC North, ID: 00-0036980)"
CLE,WR,00-0037257,D.Bell,AFC,AFC North,"WR, CLE: D.Bell (AFC North, ID: 00-0037257)"
CLE,RB,00-0037267,J.Ford,AFC,AFC North,"RB, CLE: J.Ford (AFC North, ID: 00-0037267)"
CLE,WR,00-0037300,M.Woods,AFC,AFC North,"WR, CLE: M.Woods (AFC North, ID: 00-0037300)"
CLE,WR,00-0037334,M.Harley,AFC,AFC North,"WR, CLE: M.Harley (AFC North, ID: 00-0037334)"
CLE,TE,00-0037340,Z.Mitchell-Paden,AFC,AFC North,"TE, CLE: Z.Mitchell-Paden (AFC North, ID: 00-0037340)"
CLE,WR,00-0037343,I.Weston,AFC,AFC North,"WR, CLE: I.Weston (AFC North, ID: 00-0037343)"
CLE,RB,00-0038098,P.Strong,AFC,AFC North,"RB, CLE: P.Strong (AFC North, ID: 00-0038098)"
CLE,QB,00-0038583,D.Thompson-Robinson,AFC,AFC North,"QB, CLE: D.Thompson-Robinson (AFC North, ID: 00-0038583)"
CLE,WR,00-0038681,J.Wayne,AFC,AFC North,"WR, CLE: J.Wayne (AFC North, ID: 00-0038681)"
CLE,TE,00-0038713,T.Greaney,AFC,AFC North,"TE, CLE: T.Greaney (AFC North, ID: 00-0038713)"
CLE,WR,00-0038979,C.Tillman,AFC,AFC North,"WR, CLE: C.Tillman (AFC North, ID: 00-0038979)"
DAL,WR,00-0031236,B.Cooks,NFC,NFC East,"WR, DAL: B.Cooks (NFC East, ID: 00-0031236)"
DAL,WR,00-0031373,M.Bryant,NFC,NFC East,"WR, DAL: M.Bryant (NFC East, ID: 00-0031373)"
DAL,QB,00-0033077,R.Prescott,NFC,NFC East,"QB, DAL: R.Prescott (NFC East, ID: 00-0033077)"
DAL,QB,00-0033662,C.Rush,NFC,NFC East,"QB, DAL: C.Rush (NFC East, ID: 00-0033662)"
DAL,WR,00-0034764,M.Gallup,NFC,NFC East,"WR, DAL: M.Gallup (NFC East, ID: 00-0034764)"
DAL,RB,00-0034816,R.Jones,NFC,NFC East,"RB, DAL: R.Jones (NFC East, ID: 00-0034816)"
DAL,RB,00-0035261,T.Pollard,NFC,NFC East,"RB, DAL: T.Pollard (NFC East, ID: 00-0035261)"
DAL,WR,00-0035457,T.Johnson,NFC,NFC East,"WR, DAL: T.Johnson (NFC East, ID: 00-0035457)"
DAL,TE,00-0036032,S.McKeon,NFC,NFC East,"TE, DAL: S.McKeon (NFC East, ID: 00-0036032)"
DAL,RB,00-0036139,R.Dowdle,NFC,NFC East,"RB, DAL: R.Dowdle (NFC East, ID: 00-0036139)"
DAL,WR,00-0036358,C.Lamb,NFC,NFC East,"WR, DAL: C.Lamb (NFC East, ID: 00-0036358)"
DAL,WR,00-0036652,R.McMath,NFC,NFC East,"WR, DAL: R.McMath (NFC East, ID: 00-0036652)"
DAL,QB,00-0037012,T.Lance,NFC,NFC East,"QB, DAL: T.Lance (NFC East, ID: 00-0037012)"
DAL,TE,00-0037455,S.Green,NFC,NFC East,"TE, DAL: S.Green (NFC East, ID: 00-0037455)"
DAL,RB,00-0037563,M.Davis,NFC,NFC East,"RB, DAL: M.Davis (NFC East, ID: 00-0037563)"
DAL,WR,00-0037564,D.Drummond,NFC,NFC East,"WR, DAL: D.Drummond (NFC East, ID: 00-0037564)"
DAL,TE,00-0037569,P.Hendershot,NFC,NFC East,"TE, DAL: P.Hendershot (NFC East, ID: 00-0037569)"
DAL,WR,00-0037666,J.Tolbert,NFC,NFC East,"WR, DAL: J.Tolbert (NFC East, ID: 00-0037666)"
DAL,K,00-0037692,B.Aubrey,NFC,NFC East,"K, DAL: B.Aubrey (NFC East, ID: 00-0037692)"
DAL,WR,00-0037801,K.Turpin,NFC,NFC East,"WR, DAL: K.Turpin (NFC East, ID: 00-0037801)"
DAL,TE,00-0038041,J.Ferguson,NFC,NFC East,"TE, DAL: J.Ferguson (NFC East, ID: 00-0038041)"
DAL,TE,00-0038547,L.Schoonmaker,NFC,NFC East,"TE, DAL: L.Schoonmaker (NFC East, ID: 00-0038547)"
DAL,RB,00-0038622,C.Vaughn,NFC,NFC East,"RB, DAL: C.Vaughn (NFC East, ID: 00-0038622)"
DAL,WR,00-0038640,J.Brooks,NFC,NFC East,"WR, DAL: J.Brooks (NFC East, ID: 00-0038640)"
DAL,WR,00-0038730,J.Barbon,NFC,NFC East,"WR, DAL: J.Barbon (NFC East, ID: 00-0038730)"
DAL,WR,00-0038734,D.Durden,NFC,NFC East,"WR, DAL: D.Durden (NFC East, ID: 00-0038734)"
DAL,TE,00-0038735,P.Fant,NFC,NFC East,"TE, DAL: P.Fant (NFC East, ID: 00-0038735)"
DAL,RB,00-0038738,H.Luepke,NFC,NFC East,"RB, DAL: H.Luepke (NFC East, ID: 00-0038738)"
DAL,WR,00-0038740,J.Moreno-Cropper,NFC,NFC East,"WR, DAL: J.Moreno-Cropper (NFC East, ID: 00-0038740)"
DAL,WR,00-0038741,J.Stephens,NFC,NFC East,"WR, DAL: J.Stephens (NFC East, ID: 00-0038741)"
DAL,RB,00-0038910,S.Thompson,NFC,NFC East,"RB, DAL: S.Thompson (NFC East, ID: 00-0038910)"
DEN,QB,00-0029263,R.Wilson,AFC,AFC West,"QB, DEN: R.Wilson (AFC West, ID: 00-0029263)"
DEN,TE,00-0031484,C.Manhertz,AFC,AFC West,"TE, DEN: C.Manhertz (AFC West, ID: 00-0031484)"
DEN,RB,00-0031595,M.Burton,AFC,AFC West,"RB, DEN: M.Burton (AFC West, ID: 00-0031595)"
DEN,WR,00-0032208,P.Dorsett,AFC,AFC West,"WR, DEN: P.Dorsett (AFC West, ID: 00-0032208)"
DEN,RB,00-0032450,D.Washington,AFC,AFC West,"RB, DEN: D.Washington (AFC West, ID: 00-0032450)"
DEN,K,00-0032569,W.Lutz,AFC,AFC West,"K, DEN: W.Lutz (AFC West, ID: 00-0032569)"
DEN,WR,00-0033375,T.Patrick,AFC,AFC West,"WR, DEN: T.Patrick (AFC West, ID: 00-0033375)"
DEN,RB,00-0033526,S.Perine,AFC,AFC West,"RB, DEN: S.Perine (AFC West, ID: 00-0033526)"
DEN,WR,00-0034348,C.Sutton,AFC,AFC West,"WR, DEN: C.Sutton (AFC West, ID: 00-0034348)"
DEN,WR,00-0034765,T.Smith,AFC,AFC West,"WR, DEN: T.Smith (AFC West, ID: 00-0034765)"
DEN,QB,00-0035264,J.Stidham,AFC,AFC West,"QB, DEN: J.Stidham (AFC West, ID: 00-0035264)"
DEN,WR,00-0035359,D.Sills,AFC,AFC West,"WR, DEN: D.Sills (AFC West, ID: 00-0035359)"
DEN,WR,00-0035406,L.Humphrey,AFC,AFC West,"WR, DEN: L.Humphrey (AFC West, ID: 00-0035406)"
DEN,WR,00-0035826,J.Hammond,AFC,AFC West,"WR, DEN: J.Hammond (AFC West, ID: 00-0035826)"
DEN,WR,00-0035864,K.Hinton,AFC,AFC West,"WR, DEN: K.Hinton (AFC West, ID: 00-0035864)"
DEN,WR,00-0035935,J.Koski,AFC,AFC West,"WR, DEN: J.Koski (AFC West, ID: 00-0035935)"
DEN,QB,00-0036384,B.DiNucci,AFC,AFC West,"QB, DEN: B.DiNucci (AFC West, ID: 00-0036384)"
DEN,WR,00-0036407,J.Jeudy,AFC,AFC West,"WR, DEN: J.Jeudy (AFC West, ID: 00-0036407)"
DEN,TE,00-0036422,A.Trautman,AFC,AFC West,"TE, DEN: A.Trautman (AFC West, ID: 00-0036422)"
DEN,WR,00-0036959,M.Bandy,AFC,AFC West,"WR, DEN: M.Bandy (AFC West, ID: 00-0036959)"
DEN,RB,00-0036997,J.Williams,AFC,AFC West,"RB, DEN: J.Williams (AFC West, ID: 00-0036997)"
DEN,RB,00-0037085,T.Badie,AFC,AFC West,"RB, DEN: T.Badie (AFC West, ID: 00-0037085)"
DEN,TE,00-0037252,G.Dulcich,AFC,AFC West,"TE, DEN: G.Dulcich (AFC West, ID: 00-0037252)"
DEN,WR,00-0037382,B.Johnson,AFC,AFC West,"WR, DEN: B.Johnson (AFC West, ID: 00-0037382)"
DEN,WR,00-0037387,J.Virgil,AFC,AFC West,"WR, DEN: J.Virgil (AFC West, ID: 00-0037387)"
DEN,TE,00-0037539,L.Krull,AFC,AFC West,"TE, DEN: L.Krull (AFC West, ID: 00-0037539)"
DEN,TE,00-0038783,N.Adkins,AFC,AFC West,"TE, DEN: N.Adkins (AFC West, ID: 00-0038783)"
DEN,WR,00-0038789,T.Grimes,AFC,AFC West,"WR, DEN: T.Grimes (AFC West, ID: 00-0038789)"
DEN,RB,00-0038794,J.McLaughlin,AFC,AFC West,"RB, DEN: J.McLaughlin (AFC West, ID: 00-0038794)"
DEN,TE,00-0038913,J.Lumpkin,AFC,AFC West,"TE, DEN: J.Lumpkin (AFC West, ID: 00-0038913)"
DEN,WR,00-0038976,M.Mims,AFC,AFC West,"WR, DEN: M.Mims (AFC West, ID: 00-0038976)"
DEN,WR,00-0039045,N.Williams,AFC,AFC West,"WR, DEN: N.Williams (AFC West, ID: 00-0039045)"
DET,WR,00-0029293,M.Jones,NFC,NFC North,"WR, DET: M.Jones (NFC North, ID: 00-0029293)"
DET,QB,00-0031237,T.Bridgewater,NFC,NFC North,"QB, DET: T.Bridgewater (NFC North, ID: 00-0031237)"
DET,WR,00-0032464,K.Raymond,NFC,NFC North,"WR, DET: K.Raymond (NFC North, ID: 00-0032464)"
DET,QB,00-0032792,N.Sudfeld,NFC,NFC North,"QB, DET: N.Sudfeld (NFC North, ID: 00-0032792)"
DET,QB,00-0033106,J.Goff,NFC,NFC North,"QB, DET: J.Goff (NFC North, ID: 00-0033106)"
DET,TE,00-0033258,D.Daniels,NFC,NFC North,"TE, DET: D.Daniels (NFC North, ID: 00-0033258)"
DET,TE,00-0033455,A.Firkser,NFC,NFC North,"TE, DET: A.Firkser (NFC North, ID: 00-0033455)"
DET,WR,00-0033943,J.Reynolds,NFC,NFC North,"WR, DET: J.Reynolds (NFC North, ID: 00-0033943)"
DET,K,00-0034084,M.Badgley,NFC,NFC North,"K, DET: M.Badgley (NFC North, ID: 00-0034084)"
DET,RB,00-0034171,J.Cabinda,NFC,NFC North,"RB, DET: J.Cabinda (NFC North, ID: 00-0034171)"
DET,WR,00-0034339,D.Quinn,NFC,NFC North,"WR, DET: D.Quinn (NFC North, ID: 00-0034339)"
DET,WR,00-0034395,D.Fountain,NFC,NFC North,"WR, DET: D.Fountain (NFC North, ID: 00-0034395)"
DET,RB,00-0034440,J.Jackson,NFC,NFC North,"RB, DET: J.Jackson (NFC North, ID: 00-0034440)"
DET,QB,00-0035040,D.Blough,NFC,NFC North,"QB, DET: D.Blough (NFC North, ID: 00-0035040)"
DET,RB,00-0035184,D.Ozigbo,NFC,NFC North,"RB, DET: D.Ozigbo (NFC North, ID: 00-0035184)"
DET,RB,00-0035217,B.Snell,NFC,NFC North,"RB, DET: B.Snell (NFC North, ID: 00-0035217)"
DET,TE,00-0035428,D.Helm,NFC,NFC North,"TE, DET: D.Helm (NFC North, ID: 00-0035428)"
DET,WR,00-0035544,T.Kennedy,NFC,NFC North,"WR, DET: T.Kennedy (NFC North, ID: 00-0035544)"
DET,RB,00-0035567,C.Reynolds,NFC,NFC North,"RB, DET: C.Reynolds (NFC North, ID: 00-0035567)"
DET,RB,00-0035685,D.Montgomery,NFC,NFC North,"RB, DET: D.Montgomery (NFC North, ID: 00-0035685)"
DET,WR,00-0036233,D.Peoples-Jones,NFC,NFC North,"WR, DET: D.Peoples-Jones (NFC North, ID: 00-0036233)"
DET,TE,00-0036534,S.Zylstra,NFC,NFC North,"TE, DET: S.Zylstra (NFC North, ID: 00-0036534)"
DET,RB,00-0036670,J.Jefferson,NFC,NFC North,"RB, DET: J.Jefferson (NFC North, ID: 00-0036670)"
DET,TE,00-0036754,B.Wright,NFC,NFC North,"TE, DET: B.Wright (NFC North, ID: 00-0036754)"
DET,WR,00-0036963,A.St. Brown,NFC,NFC North,"WR, DET: A.St. Brown (NFC North, ID: 00-0036963)"
DET,RB,00-0037157,Z.Knight,NFC,NFC North,"RB, DET: Z.Knight (NFC North, ID: 00-0037157)"
DET,WR,00-0037240,J.Williams,NFC,NFC North,"WR, DET: J.Williams (NFC North, ID: 00-0037240)"
DET,TE,00-0037282,J.Mitchell,NFC,NFC North,"TE, DET: J.Mitchell (NFC North, ID: 00-0037282)"
DET,WR,00-0037708,M.Alexander,NFC,NFC North,"WR, DET: M.Alexander (NFC North, ID: 00-0037708)"
DET,QB,00-0038550,H.Hooker,NFC,NFC North,"QB, DET: H.Hooker (NFC North, ID: 00-0038550)"
DET,WR,00-0038627,A.Green,NFC,NFC North,"WR, DET: A.Green (NFC North, ID: 00-0038627)"
DET,RB,00-0038656,M.Ibrahim,NFC,NFC North,"RB, DET: M.Ibrahim (NFC North, ID: 00-0038656)"
DET,QB,00-0038658,A.Martinez,NFC,NFC North,"QB, DET: A.Martinez (NFC North, ID: 00-0038658)"
DET,TE,00-0039065,S.LaPorta,NFC,NFC North,"TE, DET: S.LaPorta (NFC North, ID: 00-0039065)"
DET,RB,00-0039139,J.Gibbs,NFC,NFC North,"RB, DET: J.Gibbs (NFC North, ID: 00-0039139)"
DET,WR,00-0039186,A.Davis,NFC,NFC North,"WR, DET: A.Davis (NFC North, ID: 00-0039186)"
GB,RB,00-0033118,K.Drake,NFC,NFC North,"RB, GB: K.Drake (NFC North, ID: 00-0033118)"
GB,RB,00-0033293,A.Jones,NFC,NFC North,"RB, GB: A.Jones (NFC North, ID: 00-0033293)"
GB,QB,00-0034732,A.McGough,NFC,NFC North,"QB, GB: A.McGough (NFC North, ID: 00-0034732)"
GB,RB,00-0035973,P.Taylor,NFC,NFC North,"RB, GB: P.Taylor (NFC North, ID: 00-0035973)"
GB,TE,00-0036250,T.Davis,NFC,NFC North,"TE, GB: T.Davis (NFC North, ID: 00-0036250)"
GB,QB,00-0036264,J.Love,NFC,NFC North,"QB, GB: J.Love (NFC North, ID: 00-0036264)"
GB,RB,00-0036265,A.Dillon,NFC,NFC North,"RB, GB: A.Dillon (NFC North, ID: 00-0036265)"
GB,TE,00-0036332,J.Deguara,NFC,NFC North,"TE, GB: J.Deguara (NFC North, ID: 00-0036332)"
GB,WR,00-0037091,B.Melton,NFC,NFC North,"WR, GB: B.Melton (NFC North, ID: 00-0037091)"
GB,WR,00-0037098,S.Toure,NFC,NFC North,"WR, GB: S.Toure (NFC North, ID: 00-0037098)"
GB,TE,00-0037369,A.Allen,NFC,NFC North,"TE, GB: A.Allen (NFC North, ID: 00-0037369)"
GB,WR,00-0037448,A.Miller,NFC,NFC North,"WR, GB: A.Miller (NFC North, ID: 00-0037448)"
GB,WR,00-0037816,R.Doubs,NFC,NFC North,"WR, GB: R.Doubs (NFC North, ID: 00-0037816)"
GB,WR,00-0038124,C.Watson,NFC,NFC North,"WR, GB: C.Watson (NFC North, ID: 00-0038124)"
GB,QB,00-0038391,S.Clifford,NFC,NFC North,"QB, GB: S.Clifford (NFC North, ID: 00-0038391)"
GB,WR,00-0038393,D.Wicks,NFC,NFC North,"WR, GB: D.Wicks (NFC North, ID: 00-0038393)"
GB,K,00-0038402,A.Carlson,NFC,NFC North,"K, GB: A.Carlson (NFC North, ID: 00-0038402)"
GB,WR,00-0038427,T.Pitts,NFC,NFC North,"WR, GB: T.Pitts (NFC North, ID: 00-0038427)"
GB,WR,00-0038430,C.Chrest,NFC,NFC North,"WR, GB: C.Chrest (NFC North, ID: 00-0038430)"
GB,WR,00-0038465,M.Heath,NFC,NFC North,"WR, GB: M.Heath (NFC North, ID: 00-0038465)"
GB,TE,00-0038468,H.Pearson,NFC,NFC North,"TE, GB: H.Pearson (NFC North, ID: 00-0038468)"
GB,WR,00-0038507,G.DuBose,NFC,NFC North,"WR, GB: G.DuBose (NFC North, ID: 00-0038507)"
GB,RB,00-0038797,E.Wilson,NFC,NFC North,"RB, GB: E.Wilson (NFC North, ID: 00-0038797)"
GB,TE,00-0038809,B.Sims,NFC,NFC North,"TE, GB: B.Sims (NFC North, ID: 00-0038809)"
GB,RB,00-0038965,E.Merriweather,NFC,NFC North,"RB, GB: E.Merriweather (NFC North, ID: 00-0038965)"
GB,TE,00-0038996,T.Kraft,NFC,NFC North,"TE, GB: T.Kraft (NFC North, ID: 00-0038996)"
GB,WR,00-0039022,J.Bonds,NFC,NFC North,"WR, GB: J.Bonds (NFC North, ID: 00-0039022)"
GB,TE,00-0039023,J.Wilson,NFC,NFC North,"TE, GB: J.Wilson (NFC North, ID: 00-0039023)"
GB,TE,00-0039144,L.Musgrave,NFC,NFC North,"TE, GB: L.Musgrave (NFC North, ID: 00-0039144)"
GB,WR,00-0039146,J.Reed,NFC,NFC North,"WR, GB: J.Reed (NFC North, ID: 00-0039146)"
HOU,QB,00-0028986,C.Keenum,AFC,AFC South,"QB, HOU: C.Keenum (AFC South, ID: 00-0028986)"
HOU,WR,00-0030431,R.Woods,AFC,AFC South,"WR, HOU: R.Woods (AFC South, ID: 00-0030431)"
HOU,WR,00-0032009,A.Humphries,AFC,AFC South,"WR, HOU: A.Humphries (AFC South, ID: 00-0032009)"
HOU,K,00-0032726,J.Fairbairn,AFC,AFC South,"K, HOU: J.Fairbairn (AFC South, ID: 00-0032726)"
HOU,TE,00-0033576,E.Saubert,AFC,AFC South,"TE, HOU: E.Saubert (AFC South, ID: 00-0033576)"
HOU,WR,00-0033591,N.Brown,AFC,AFC South,"WR, HOU: N.Brown (AFC South, ID: 00-0033591)"
HOU,TE,00-0033798,M.Schreck,AFC,AFC South,"TE, HOU: M.Schreck (AFC South, ID: 00-0033798)"
HOU,RB,00-0033854,O.Ogunbowale,AFC,AFC South,"RB, HOU: O.Ogunbowale (AFC South, ID: 00-0033854)"
HOU,QB,00-0034177,T.Boyle,AFC,AFC South,"QB, HOU: T.Boyle (AFC South, ID: 00-0034177)"
HOU,TE,00-0034383,D.Schultz,AFC,AFC South,"TE, HOU: D.Schultz (AFC South, ID: 00-0034383)"
HOU,WR,00-0034928,S.Sims,AFC,AFC South,"WR, HOU: S.Sims (AFC South, ID: 00-0034928)"
HOU,RB,00-0034959,A.Beck,AFC,AFC South,"RB, HOU: A.Beck (AFC South, ID: 00-0034959)"
HOU,RB,00-0035250,D.Singletary,AFC,AFC South,"RB, HOU: D.Singletary (AFC South, ID: 00-0035250)"
HOU,WR,00-0035602,A.Bachman,AFC,AFC South,"WR, HOU: A.Bachman (AFC South, ID: 00-0035602)"
HOU,RB,00-0036096,J.Taylor,AFC,AFC South,"RB, HOU: J.Taylor (AFC South, ID: 00-0036096)"
HOU,TE,00-0036225,D.Keene,AFC,AFC South,"TE, HOU: D.Keene (AFC South, ID: 00-0036225)"
HOU,K,00-0036469,M.Ammendola,AFC,AFC South,"K, HOU: M.Ammendola (AFC South, ID: 00-0036469)"
HOU,WR,00-0036554,N.Collins,AFC,AFC South,"WR, HOU: N.Collins (AFC South, ID: 00-0036554)"
HOU,TE,00-0036556,B.Jordan,AFC,AFC South,"TE, HOU: B.Jordan (AFC South, ID: 00-0036556)"
HOU,RB,00-0036578,G.Doaks,AFC,AFC South,"RB, HOU: G.Doaks (AFC South, ID: 00-0036578)"
HOU,RB,00-0036650,L.Rountree,AFC,AFC South,"RB, HOU: L.Rountree (AFC South, ID: 00-0036650)"
HOU,QB,00-0036898,D.Mills,AFC,AFC South,"QB, HOU: D.Mills (AFC South, ID: 00-0036898)"
HOU,RB,00-0037258,D.Pierce,AFC,AFC South,"RB, HOU: D.Pierce (AFC South, ID: 00-0037258)"
HOU,TE,00-0037277,T.Quitoriano,AFC,AFC South,"TE, HOU: T.Quitoriano (AFC South, ID: 00-0037277)"
HOU,RB,00-0037456,T.Hairston,AFC,AFC South,"RB, HOU: T.Hairston (AFC South, ID: 00-0037456)"
HOU,WR,00-0037460,J.Johnson,AFC,AFC South,"WR, HOU: J.Johnson (AFC South, ID: 00-0037460)"
HOU,WR,00-0037614,J.Metchie,AFC,AFC South,"WR, HOU: J.Metchie (AFC South, ID: 00-0037614)"
HOU,WR,00-0038618,X.Hutchinson,AFC,AFC South,"WR, HOU: X.Hutchinson (AFC South, ID: 00-0038618)"
HOU,WR,00-0038651,C.Cota,AFC,AFC South,"WR, HOU: C.Cota (AFC South, ID: 00-0038651)"
HOU,WR,00-0038726,J.Matthews,AFC,AFC South,"WR, HOU: J.Matthews (AFC South, ID: 00-0038726)"
HOU,WR,00-0038728,J.Wayne,AFC,AFC South,"WR, HOU: J.Wayne (AFC South, ID: 00-0038728)"
HOU,WR,00-0038977,N.Dell,AFC,AFC South,"WR, HOU: N.Dell (AFC South, ID: 00-0038977)"
HOU,QB,00-0039163,C.Stroud,AFC,AFC South,"QB, HOU: C.Stroud (AFC South, ID: 00-0039163)"
IND,TE,00-0031690,E.Tomlinson,AFC,AFC South,"TE, IND: E.Tomlinson (AFC South, ID: 00-0031690)"
IND,WR,00-0032054,B.Perriman,AFC,AFC South,"WR, IND: B.Perriman (AFC South, ID: 00-0032054)"
IND,WR,00-0033006,J.Mickens,AFC,AFC South,"WR, IND: J.Mickens (AFC South, ID: 00-0033006)"
IND,TE,00-0033217,M.Alie-Cox,AFC,AFC South,"TE, IND: M.Alie-Cox (AFC South, ID: 00-0033217)"
IND,WR,00-0033466,I.McKenzie,AFC,AFC South,"WR, IND: I.McKenzie (AFC South, ID: 00-0033466)"
IND,TE,00-0033611,R.Seals-Jones,AFC,AFC South,"TE, IND: R.Seals-Jones (AFC South, ID: 00-0033611)"
IND,WR,00-0034353,A.Miller,AFC,AFC South,"WR, IND: A.Miller (AFC South, ID: 00-0034353)"
IND,WR,00-0034631,V.Smith,AFC,AFC South,"WR, IND: V.Smith (AFC South, ID: 00-0034631)"
IND,WR,00-0034676,J.Washington,AFC,AFC South,"WR, IND: J.Washington (AFC South, ID: 00-0034676)"
IND,WR,00-0034867,M.Turner,AFC,AFC South,"WR, IND: M.Turner (AFC South, ID: 00-0034867)"
IND,WR,00-0035021,A.Dulin,AFC,AFC South,"WR, IND: A.Dulin (AFC South, ID: 00-0035021)"
IND,WR,00-0035045,D.Montgomery,AFC,AFC South,"WR, IND: D.Montgomery (AFC South, ID: 00-0035045)"
IND,K,00-0035269,M.Gay,AFC,AFC South,"K, IND: M.Gay (AFC South, ID: 00-0035269)"
IND,QB,00-0035289,G.Minshew,AFC,AFC South,"QB, IND: G.Minshew (AFC South, ID: 00-0035289)"
IND,WR,00-0035593,J.Winfree,AFC,AFC South,"WR, IND: J.Winfree (AFC South, ID: 00-0035593)"
IND,RB,00-0036223,J.Taylor,AFC,AFC South,"RB, IND: J.Taylor (AFC South, ID: 00-0036223)"
IND,RB,00-0036251,Z.Moss,AFC,AFC South,"RB, IND: Z.Moss (AFC South, ID: 00-0036251)"
IND,WR,00-0036252,M.Pittman,AFC,AFC South,"WR, IND: M.Pittman (AFC South, ID: 00-0036252)"
IND,RB,00-0036278,J.Huntley,AFC,AFC South,"RB, IND: J.Huntley (AFC South, ID: 00-0036278)"
IND,WR,00-0036412,K.Hamler,AFC,AFC South,"WR, IND: K.Hamler (AFC South, ID: 00-0036412)"
IND,WR,00-0036439,T.Cleveland,AFC,AFC South,"WR, IND: T.Cleveland (AFC South, ID: 00-0036439)"
IND,TE,00-0036766,N.Eubanks,AFC,AFC South,"TE, IND: N.Eubanks (AFC South, ID: 00-0036766)"
IND,TE,00-0036876,K.Granson,AFC,AFC South,"TE, IND: K.Granson (AFC South, ID: 00-0036876)"
IND,QB,00-0036879,S.Ehlinger,AFC,AFC South,"QB, IND: S.Ehlinger (AFC South, ID: 00-0036879)"
IND,QB,00-0036946,K.Mond,AFC,AFC South,"QB, IND: K.Mond (AFC South, ID: 00-0036946)"
IND,RB,00-0036984,T.Sermon,AFC,AFC South,"RB, IND: T.Sermon (AFC South, ID: 00-0036984)"
IND,WR,00-0036991,A.Rodgers,AFC,AFC South,"WR, IND: A.Rodgers (AFC South, ID: 00-0036991)"
IND,RB,00-0037120,T.Goodson,AFC,AFC South,"RB, IND: T.Goodson (AFC South, ID: 00-0037120)"
IND,TE,00-0037292,A.Ogletree,AFC,AFC South,"TE, IND: A.Ogletree (AFC South, ID: 00-0037292)"
IND,WR,00-0037394,E.Fernea,AFC,AFC South,"WR, IND: E.Fernea (AFC South, ID: 00-0037394)"
IND,WR,00-0037664,A.Pierce,AFC,AFC South,"WR, IND: A.Pierce (AFC South, ID: 00-0037664)"
IND,TE,00-0037755,J.Woods,AFC,AFC South,"TE, IND: J.Woods (AFC South, ID: 00-0037755)"
IND,TE,00-0038394,W.Mallory,AFC,AFC South,"TE, IND: W.Mallory (AFC South, ID: 00-0038394)"
IND,RB,00-0038397,E.Hull,AFC,AFC South,"RB, IND: E.Hull (AFC South, ID: 00-0038397)"
IND,RB,00-0038440,Z.Scott,AFC,AFC South,"RB, IND: Z.Scott (AFC South, ID: 00-0038440)"
IND,WR,00-0038531,T.Adams,AFC,AFC South,"WR, IND: T.Adams (AFC South, ID: 00-0038531)"
IND,WR,00-0038532,K.Case,AFC,AFC South,"WR, IND: K.Case (AFC South, ID: 00-0038532)"
IND,WR,00-0038997,J.Downs,AFC,AFC South,"WR, IND: J.Downs (AFC South, ID: 00-0038997)"
IND,TE,00-0038999,J.Murray,AFC,AFC South,"TE, IND: J.Murray (AFC South, ID: 00-0038999)"
IND,QB,00-0039164,A.Richardson,AFC,AFC South,"QB, IND: A.Richardson (AFC South, ID: 00-0039164)"
JAX,K,00-0029822,B.McManus,AFC,AFC South,"K, JAX: B.McManus (AFC South, ID: 00-0029822)"
JAX,QB,00-0030533,M.Barkley,AFC,AFC South,"QB, JAX: M.Barkley (AFC South, ID: 00-0030533)"
JAX,WR,00-0033572,J.Agnew,AFC,AFC South,"WR, JAX: J.Agnew (AFC South, ID: 00-0033572)"
JAX,TE,00-0033881,E.Engram,AFC,AFC South,"TE, JAX: E.Engram (AFC South, ID: 00-0033881)"
JAX,WR,00-0033891,I.Jones,AFC,AFC South,"WR, JAX: I.Jones (AFC South, ID: 00-0033891)"
JAX,QB,00-0033936,C.Beathard,AFC,AFC South,"QB, JAX: C.Beathard (AFC South, ID: 00-0033936)"
JAX,WR,00-0034775,C.Kirk,AFC,AFC South,"WR, JAX: C.Kirk (AFC South, ID: 00-0034775)"
JAX,WR,00-0034837,C.Ridley,AFC,AFC South,"WR, JAX: C.Ridley (AFC South, ID: 00-0034837)"
JAX,RB,00-0035628,D.Johnson,AFC,AFC South,"RB, JAX: D.Johnson (AFC South, ID: 00-0035628)"
JAX,WR,00-0036125,J.Moore,AFC,AFC South,"WR, JAX: J.Moore (AFC South, ID: 00-0036125)"
JAX,TE,00-0036474,S.Reyes,AFC,AFC South,"TE, JAX: S.Reyes (AFC South, ID: 00-0036474)"
JAX,WR,00-0036497,T.Jones,AFC,AFC South,"WR, JAX: T.Jones (AFC South, ID: 00-0036497)"
JAX,WR,00-0036657,S.Williams,AFC,AFC South,"WR, JAX: S.Williams (AFC South, ID: 00-0036657)"
JAX,TE,00-0036674,J.Pederson,AFC,AFC South,"TE, JAX: J.Pederson (AFC South, ID: 00-0036674)"
JAX,TE,00-0036887,L.Farrell,AFC,AFC South,"TE, JAX: L.Farrell (AFC South, ID: 00-0036887)"
JAX,WR,00-0036918,J.Harris,AFC,AFC South,"WR, JAX: J.Harris (AFC South, ID: 00-0036918)"
JAX,QB,00-0036971,T.Lawrence,AFC,AFC South,"QB, JAX: T.Lawrence (AFC South, ID: 00-0036971)"
JAX,RB,00-0036973,T.Etienne,AFC,AFC South,"RB, JAX: T.Etienne (AFC South, ID: 00-0036973)"
JAX,QB,00-0037068,E.Perry,AFC,AFC South,"QB, JAX: E.Perry (AFC South, ID: 00-0037068)"
JAX,WR,00-0037231,K.Austin,AFC,AFC South,"WR, JAX: K.Austin (AFC South, ID: 00-0037231)"
JAX,RB,00-0037265,J.Conner,AFC,AFC South,"RB, JAX: J.Conner (AFC South, ID: 00-0037265)"
JAX,RB,00-0038555,C.Bigsby,AFC,AFC South,"RB, JAX: C.Bigsby (AFC South, ID: 00-0038555)"
JAX,WR,00-0038606,C.Washington,AFC,AFC South,"WR, JAX: C.Washington (AFC South, ID: 00-0038606)"
JAX,RB,00-0038638,D.Parish,AFC,AFC South,"RB, JAX: D.Parish (AFC South, ID: 00-0038638)"
JAX,WR,00-0038667,E.Cooks,AFC,AFC South,"WR, JAX: E.Cooks (AFC South, ID: 00-0038667)"
JAX,WR,00-0038671,J.Jenkins,AFC,AFC South,"WR, JAX: J.Jenkins (AFC South, ID: 00-0038671)"
JAX,WR,00-0038672,O.Martin,AFC,AFC South,"WR, JAX: O.Martin (AFC South, ID: 00-0038672)"
JAX,TE,00-0038673,L.Taylor,AFC,AFC South,"TE, JAX: L.Taylor (AFC South, ID: 00-0038673)"
JAX,TE,00-0038935,B.Strange,AFC,AFC South,"TE, JAX: B.Strange (AFC South, ID: 00-0038935)"
KC,QB,00-0027948,B.Gabbert,AFC,AFC West,"QB, KC: B.Gabbert (AFC West, ID: 00-0027948)"
KC,TE,00-0030506,T.Kelce,AFC,AFC West,"TE, KC: T.Kelce (AFC West, ID: 00-0030506)"
KC,RB,00-0031376,J.McKinnon,AFC,AFC West,"RB, KC: J.McKinnon (AFC West, ID: 00-0031376)"
KC,TE,00-0032062,B.Bell,AFC,AFC West,"TE, KC: B.Bell (AFC West, ID: 00-0032062)"
KC,K,00-0033303,H.Butker,AFC,AFC West,"K, KC: H.Butker (AFC West, ID: 00-0033303)"
KC,WR,00-0033460,J.Ross,AFC,AFC West,"WR, KC: J.Ross (AFC West, ID: 00-0033460)"
KC,QB,00-0033873,P.Mahomes,AFC,AFC West,"QB, KC: P.Mahomes (AFC West, ID: 00-0033873)"
KC,WR,00-0034272,M.Valdes-Scantling,AFC,AFC West,"WR, KC: M.Valdes-Scantling (AFC West, ID: 00-0034272)"
KC,WR,00-0034286,R.James,AFC,AFC West,"WR, KC: R.James (AFC West, ID: 00-0034286)"
KC,WR,00-0034386,J.Watson,AFC,AFC West,"WR, KC: J.Watson (AFC West, ID: 00-0034386)"
KC,WR,00-0035140,M.Hardman,AFC,AFC West,"WR, KC: M.Hardman (AFC West, ID: 00-0035140)"
KC,TE,00-0035547,J.Fortson,AFC,AFC West,"TE, KC: J.Fortson (AFC West, ID: 00-0035547)"
KC,TE,00-0035603,K.Blanton,AFC,AFC West,"TE, KC: K.Blanton (AFC West, ID: 00-0035603)"
KC,WR,00-0035782,J.Green,AFC,AFC West,"WR, KC: J.Green (AFC West, ID: 00-0035782)"
KC,RB,00-0036269,L.Perine,AFC,AFC West,"RB, KC: L.Perine (AFC West, ID: 00-0036269)"
KC,RB,00-0036360,C.Edwards-Helaire,AFC,AFC West,"RB, KC: C.Edwards-Helaire (AFC West, ID: 00-0036360)"
KC,TE,00-0036519,M.Bushman,AFC,AFC West,"TE, KC: M.Bushman (AFC West, ID: 00-0036519)"
KC,TE,00-0036637,N.Gray,AFC,AFC West,"TE, KC: N.Gray (AFC West, ID: 00-0036637)"
KC,WR,00-0036647,C.Powell,AFC,AFC West,"WR, KC: C.Powell (AFC West, ID: 00-0036647)"
KC,WR,00-0036913,K.Toney,AFC,AFC West,"WR, KC: K.Toney (AFC West, ID: 00-0036913)"
KC,RB,00-0037197,I.Pacheco,AFC,AFC West,"RB, KC: I.Pacheco (AFC West, ID: 00-0037197)"
KC,RB,00-0037210,J.Ealy,AFC,AFC West,"RB, KC: J.Ealy (AFC West, ID: 00-0037210)"
KC,WR,00-0037216,J.Ross,AFC,AFC West,"WR, KC: J.Ross (AFC West, ID: 00-0037216)"
KC,TE,00-0037233,G.Prince,AFC,AFC West,"TE, KC: G.Prince (AFC West, ID: 00-0037233)"
KC,WR,00-0037272,M.Washington,AFC,AFC West,"WR, KC: M.Washington (AFC West, ID: 00-0037272)"
KC,RB,00-0037299,K.Ingram,AFC,AFC West,"RB, KC: K.Ingram (AFC West, ID: 00-0037299)"
KC,QB,00-0037324,C.Oladokun,AFC,AFC West,"QB, KC: C.Oladokun (AFC West, ID: 00-0037324)"
KC,WR,00-0037566,T.Fryfogle,AFC,AFC West,"WR, KC: T.Fryfogle (AFC West, ID: 00-0037566)"
KC,WR,00-0038090,S.Moore,AFC,AFC West,"WR, KC: S.Moore (AFC West, ID: 00-0038090)"
KC,RB,00-0038518,D.Prince,AFC,AFC West,"RB, KC: D.Prince (AFC West, ID: 00-0038518)"
KC,WR,00-0038519,N.Remigio,AFC,AFC West,"WR, KC: N.Remigio (AFC West, ID: 00-0038519)"
KC,WR,00-0038520,T.Scott,AFC,AFC West,"WR, KC: T.Scott (AFC West, ID: 00-0038520)"
KC,WR,00-0038954,I.Gathings,AFC,AFC West,"WR, KC: I.Gathings (AFC West, ID: 00-0038954)"
KC,WR,00-0039067,R.Rice,AFC,AFC West,"WR, KC: R.Rice (AFC West, ID: 00-0039067)"
LA,QB,00-0026498,J.Stafford,NFC,NFC West,"QB, LA: J.Stafford (NFC West, ID: 00-0026498)"
LA,K,00-0030332,B.Maher,NFC,NFC West,"K, LA: B.Maher (NFC West, ID: 00-0030332)"
LA,WR,00-0032775,D.Robinson,NFC,NFC West,"WR, LA: D.Robinson (NFC West, ID: 00-0032775)"
LA,QB,00-0032950,C.Wentz,NFC,NFC West,"QB, LA: C.Wentz (NFC West, ID: 00-0032950)"
LA,TE,00-0033110,T.Higbee,NFC,NFC West,"TE, LA: T.Higbee (NFC West, ID: 00-0033110)"
LA,WR,00-0033908,C.Kupp,NFC,NFC West,"WR, LA: C.Kupp (NFC West, ID: 00-0033908)"
LA,RB,00-0034838,R.Freeman,NFC,NFC West,"RB, LA: R.Freeman (NFC West, ID: 00-0034838)"
LA,RB,00-0034845,S.Michel,NFC,NFC West,"RB, LA: S.Michel (NFC West, ID: 00-0034845)"
LA,RB,00-0035664,D.Henderson,NFC,NFC West,"RB, LA: D.Henderson (NFC West, ID: 00-0035664)"
LA,TE,00-0036424,B.Hopkins,NFC,NFC West,"TE, LA: B.Hopkins (NFC West, ID: 00-0036424)"
LA,WR,00-0036427,T.Johnson,NFC,NFC West,"WR, LA: T.Johnson (NFC West, ID: 00-0036427)"
LA,TE,00-0036692,M.Forristall,NFC,NFC West,"TE, LA: M.Forristall (NFC West, ID: 00-0036692)"
LA,WR,00-0036841,A.Trammell,NFC,NFC West,"WR, LA: A.Trammell (NFC West, ID: 00-0036841)"
LA,WR,00-0036849,C.Atwell,NFC,NFC West,"WR, LA: C.Atwell (NFC West, ID: 00-0036849)"
LA,WR,00-0036862,B.Skowronek,NFC,NFC West,"WR, LA: B.Skowronek (NFC West, ID: 00-0036862)"
LA,TE,00-0037004,H.Long,NFC,NFC West,"TE, LA: H.Long (NFC West, ID: 00-0037004)"
LA,TE,00-0037031,N.Kalinic,NFC,NFC West,"TE, LA: N.Kalinic (NFC West, ID: 00-0037031)"
LA,RB,00-0037557,R.Rivers,NFC,NFC West,"RB, LA: R.Rivers (NFC West, ID: 00-0037557)"
LA,RB,00-0037840,K.Williams,NFC,NFC West,"RB, LA: K.Williams (NFC West, ID: 00-0037840)"
LA,K,00-0038152,L.Havrisik,NFC,NFC West,"K, LA: L.Havrisik (NFC West, ID: 00-0038152)"
LA,K,00-0038354,T.Brown,NFC,NFC West,"K, LA: T.Brown (NFC West, ID: 00-0038354)"
LA,WR,00-0038356,T.Hudson,NFC,NFC West,"WR, LA: T.Hudson (NFC West, ID: 00-0038356)"
LA,WR,00-0038359,X.Smith,NFC,NFC West,"WR, LA: X.Smith (NFC West, ID: 00-0038359)"
LA,QB,00-0038365,B.Burmeister,NFC,NFC West,"QB, LA: B.Burmeister (NFC West, ID: 00-0038365)"
LA,QB,00-0038385,D.Winn,NFC,NFC West,"QB, LA: D.Winn (NFC West, ID: 00-0038385)"
LA,TE,00-0038467,C.McDonald,NFC,NFC West,"TE, LA: C.McDonald (NFC West, ID: 00-0038467)"
LA,TE,00-0038948,C.Sims,NFC,NFC West,"TE, LA: C.Sims (NFC West, ID: 00-0038948)"
LA,TE,00-0039074,D.Allen,NFC,NFC West,"TE, LA: D.Allen (NFC West, ID: 00-0039074)"
LA,WR,00-0039075,P.Nacua,NFC,NFC West,"WR, LA: P.Nacua (NFC West, ID: 00-0039075)"
LA,QB,00-0039107,S.Bennett,NFC,NFC West,"QB, LA: S.Bennett (NFC West, ID: 00-0039107)"
LA,RB,00-0039136,Z.Evans,NFC,NFC West,"RB, LA: Z.Evans (NFC West, ID: 00-0039136)"
LAC,WR,00-0030279,K.Allen,AFC,AFC West,"WR, LAC: K.Allen (AFC West, ID: 00-0030279)"
LAC,TE,00-0032394,N.Vannett,AFC,AFC West,"TE, LAC: N.Vannett (AFC West, ID: 00-0032394)"
LAC,WR,00-0032543,A.Erickson,AFC,AFC West,"WR, LAC: A.Erickson (AFC West, ID: 00-0032543)"
LAC,TE,00-0032725,S.Anderson,AFC,AFC West,"TE, LAC: S.Anderson (AFC West, ID: 00-0032725)"
LAC,WR,00-0033536,M.Williams,AFC,AFC West,"WR, LAC: M.Williams (AFC West, ID: 00-0033536)"
LAC,RB,00-0033699,A.Ekeler,AFC,AFC West,"RB, LAC: A.Ekeler (AFC West, ID: 00-0033699)"
LAC,TE,00-0033895,G.Everett,AFC,AFC West,"TE, LAC: G.Everett (AFC West, ID: 00-0033895)"
LAC,WR,00-0035120,K.Doss,AFC,AFC West,"WR, LAC: K.Doss (AFC West, ID: 00-0035120)"
LAC,WR,00-0035181,D.Shepherd,AFC,AFC West,"WR, LAC: D.Shepherd (AFC West, ID: 00-0035181)"
LAC,QB,00-0035251,W.Grier,AFC,AFC West,"QB, LAC: W.Grier (AFC West, ID: 00-0035251)"
LAC,QB,00-0035282,E.Stick,AFC,AFC West,"QB, LAC: E.Stick (AFC West, ID: 00-0035282)"
LAC,TE,00-0035329,D.Parham,AFC,AFC West,"TE, LAC: D.Parham (AFC West, ID: 00-0035329)"
LAC,WR,00-0035414,J.Guyton,AFC,AFC West,"WR, LAC: J.Guyton (AFC West, ID: 00-0035414)"
LAC,QB,00-0036355,J.Herbert,AFC,AFC West,"QB, LAC: J.Herbert (AFC West, ID: 00-0036355)"
LAC,RB,00-0036370,J.Kelley,AFC,AFC West,"RB, LAC: J.Kelley (AFC West, ID: 00-0036370)"
LAC,WR,00-0036398,J.Hightower,AFC,AFC West,"WR, LAC: J.Hightower (AFC West, ID: 00-0036398)"
LAC,WR,00-0036646,S.Fehoko,AFC,AFC West,"WR, LAC: S.Fehoko (AFC West, ID: 00-0036646)"
LAC,TE,00-0036779,H.Kampmoyer,AFC,AFC West,"TE, LAC: H.Kampmoyer (AFC West, ID: 00-0036779)"
LAC,WR,00-0036988,J.Palmer,AFC,AFC West,"WR, LAC: J.Palmer (AFC West, ID: 00-0036988)"
LAC,K,00-0037224,C.Dicker,AFC,AFC West,"K, LAC: C.Dicker (AFC West, ID: 00-0037224)"
LAC,RB,00-0037331,A.Horvath,AFC,AFC West,"RB, LAC: A.Horvath (AFC West, ID: 00-0037331)"
LAC,TE,00-0037475,S.Smartt,AFC,AFC West,"TE, LAC: S.Smartt (AFC West, ID: 00-0037475)"
LAC,RB,00-0037609,A.Shampklin,AFC,AFC West,"RB, LAC: A.Shampklin (AFC West, ID: 00-0037609)"
LAC,RB,00-0038045,I.Spiller,AFC,AFC West,"RB, LAC: I.Spiller (AFC West, ID: 00-0038045)"
LAC,WR,00-0038544,Q.Johnston,AFC,AFC West,"WR, LAC: Q.Johnston (AFC West, ID: 00-0038544)"
LAC,WR,00-0038573,D.Davis,AFC,AFC West,"WR, LAC: D.Davis (AFC West, ID: 00-0038573)"
LAC,QB,00-0038637,M.Duggan,AFC,AFC West,"QB, LAC: M.Duggan (AFC West, ID: 00-0038637)"
LAC,WR,00-0038860,T.Bynum,AFC,AFC West,"WR, LAC: T.Bynum (AFC West, ID: 00-0038860)"
LAC,RB,00-0038862,E.Dotson,AFC,AFC West,"RB, LAC: E.Dotson (AFC West, ID: 00-0038862)"
LAC,TE,00-0038864,M.Ezeike,AFC,AFC West,"TE, LAC: M.Ezeike (AFC West, ID: 00-0038864)"
LAC,RB,00-0038867,T.Hoosman,AFC,AFC West,"RB, LAC: T.Hoosman (AFC West, ID: 00-0038867)"
LAC,WR,00-0038873,O.Wilson,AFC,AFC West,"WR, LAC: O.Wilson (AFC West, ID: 00-0038873)"
LAC,WR,00-0039168,M.Wright,AFC,AFC West,"WR, LAC: M.Wright (AFC West, ID: 00-0039168)"
LV,QB,00-0026625,B.Hoyer,AFC,AFC West,"QB, LV: B.Hoyer (AFC West, ID: 00-0026625)"
LV,RB,00-0029239,B.Bolden,AFC,AFC West,"RB, LV: B.Bolden (AFC West, ID: 00-0029239)"
LV,QB,00-0031345,J.Garoppolo,AFC,AFC West,"QB, LV: J.Garoppolo (AFC West, ID: 00-0031345)"
LV,WR,00-0031381,D.Adams,AFC,AFC West,"WR, LV: D.Adams (AFC West, ID: 00-0031381)"
LV,WR,00-0031763,D.Carter,AFC,AFC West,"WR, LV: D.Carter (AFC West, ID: 00-0031763)"
LV,RB,00-0032104,A.Abdullah,AFC,AFC West,"RB, LV: A.Abdullah (AFC West, ID: 00-0032104)"
LV,TE,00-0032135,J.James,AFC,AFC West,"TE, LV: J.James (AFC West, ID: 00-0032135)"
LV,TE,00-0032392,A.Hooper,AFC,AFC West,"TE, LV: A.Hooper (AFC West, ID: 00-0032392)"
LV,TE,00-0033387,J.Hollister,AFC,AFC West,"TE, LV: J.Hollister (AFC West, ID: 00-0033387)"
LV,WR,00-0033681,K.Cole,AFC,AFC West,"WR, LV: K.Cole (AFC West, ID: 00-0033681)"
LV,K,00-0034161,D.Carlson,AFC,AFC West,"K, LV: D.Carlson (AFC West, ID: 00-0034161)"
LV,WR,00-0034593,C.Lacy,AFC,AFC West,"WR, LV: C.Lacy (AFC West, ID: 00-0034593)"
LV,WR,00-0034667,D.Ross,AFC,AFC West,"WR, LV: D.Ross (AFC West, ID: 00-0034667)"
LV,WR,00-0034960,J.Meyers,AFC,AFC West,"WR, LV: J.Meyers (AFC West, ID: 00-0034960)"
LV,WR,00-0034983,H.Renfrow,AFC,AFC West,"WR, LV: H.Renfrow (AFC West, ID: 00-0034983)"
LV,WR,00-0035126,A.Wesley,AFC,AFC West,"WR, LV: A.Wesley (AFC West, ID: 00-0035126)"
LV,RB,00-0035148,D.Thompson,AFC,AFC West,"RB, LV: D.Thompson (AFC West, ID: 00-0035148)"
LV,RB,00-0035187,A.Walter,AFC,AFC West,"RB, LV: A.Walter (AFC West, ID: 00-0035187)"
LV,TE,00-0035222,Z.Gentry,AFC,AFC West,"TE, LV: Z.Gentry (AFC West, ID: 00-0035222)"
LV,TE,00-0035562,J.Horsted,AFC,AFC West,"TE, LV: J.Horsted (AFC West, ID: 00-0035562)"
LV,RB,00-0035700,J.Jacobs,AFC,AFC West,"RB, LV: J.Jacobs (AFC West, ID: 00-0035700)"
LV,RB,00-0035726,J.Johnson,AFC,AFC West,"RB, LV: J.Johnson (AFC West, ID: 00-0035726)"
LV,WR,00-0036100,I.Zuber,AFC,AFC West,"WR, LV: I.Zuber (AFC West, ID: 00-0036100)"
LV,WR,00-0036183,K.Wilkerson,AFC,AFC West,"WR, LV: K.Wilkerson (AFC West, ID: 00-0036183)"
LV,WR,00-0036527,D.Turner,AFC,AFC West,"WR, LV: D.Turner (AFC West, ID: 00-0036527)"
LV,RB,00-0037329,B.Brown,AFC,AFC West,"RB, LV: B.Brown (AFC West, ID: 00-0037329)"
LV,K,00-0037471,J.McCourt,AFC,AFC West,"K, LV: J.McCourt (AFC West, ID: 00-0037471)"
LV,TE,00-0037506,C.Fotheringham,AFC,AFC West,"TE, LV: C.Fotheringham (AFC West, ID: 00-0037506)"
LV,QB,00-0037507,C.Garbers,AFC,AFC West,"QB, LV: C.Garbers (AFC West, ID: 00-0037507)"
LV,RB,00-0037509,S.McCormick,AFC,AFC West,"RB, LV: S.McCormick (AFC West, ID: 00-0037509)"
LV,RB,00-0038040,Z.White,AFC,AFC West,"RB, LV: Z.White (AFC West, ID: 00-0038040)"
LV,TE,00-0038498,E.Jenkins,AFC,AFC West,"TE, LV: E.Jenkins (AFC West, ID: 00-0038498)"
LV,WR,00-0038563,T.Tucker,AFC,AFC West,"WR, LV: T.Tucker (AFC West, ID: 00-0038563)"
LV,QB,00-0038579,A.O'Connell,AFC,AFC West,"QB, LV: A.O'Connell (AFC West, ID: 00-0038579)"
LV,WR,00-0038904,M.Flowers,AFC,AFC West,"WR, LV: M.Flowers (AFC West, ID: 00-0038904)"
LV,TE,00-0038920,J.Shenker,AFC,AFC West,"TE, LV: J.Shenker (AFC West, ID: 00-0038920)"
LV,TE,00-0039066,M.Mayer,AFC,AFC West,"TE, LV: M.Mayer (AFC West, ID: 00-0039066)"
MIA,RB,00-0031687,D.Mostert,AFC,AFC East,"RB, MIA: D.Mostert (AFC East, ID: 00-0031687)"
MIA,TE,00-0032214,T.Kroft,AFC,AFC East,"TE, MIA: T.Kroft (AFC East, ID: 00-0032214)"
MIA,WR,00-0032688,R.Chosen,AFC,AFC East,"WR, MIA: R.Chosen (AFC East, ID: 00-0032688)"
MIA,WR,00-0033040,T.Hill,AFC,AFC East,"WR, MIA: T.Hill (AFC East, ID: 00-0033040)"
MIA,WR,00-0034054,T.Cracraft,AFC,AFC East,"WR, MIA: T.Cracraft (AFC East, ID: 00-0034054)"
MIA,RB,00-0034115,J.Wilson,AFC,AFC East,"RB, MIA: J.Wilson (AFC East, ID: 00-0034115)"
MIA,WR,00-0034366,K.Coutee,AFC,AFC East,"WR, MIA: K.Coutee (AFC East, ID: 00-0034366)"
MIA,QB,00-0034401,M.White,AFC,AFC East,"QB, MIA: M.White (AFC East, ID: 00-0034401)"
MIA,WR,00-0034418,C.Wilson,AFC,AFC East,"WR, MIA: C.Wilson (AFC East, ID: 00-0034418)"
MIA,WR,00-0034419,B.Berrios,AFC,AFC East,"WR, MIA: B.Berrios (AFC East, ID: 00-0034419)"
MIA,K,00-0034794,J.Sanders,AFC,AFC East,"K, MIA: J.Sanders (AFC East, ID: 00-0034794)"
MIA,TE,00-0034798,D.Smythe,AFC,AFC East,"TE, MIA: D.Smythe (AFC East, ID: 00-0034798)"
MIA,RB,00-0035125,A.Ingold,AFC,AFC East,"RB, MIA: A.Ingold (AFC East, ID: 00-0035125)"
MIA,RB,00-0036020,S.Ahmed,AFC,AFC East,"RB, MIA: S.Ahmed (AFC East, ID: 00-0036020)"
MIA,TE,00-0036083,N.Bowers,AFC,AFC East,"TE, MIA: N.Bowers (AFC East, ID: 00-0036083)"
MIA,QB,00-0036212,T.Tagovailoa,AFC,AFC East,"QB, MIA: T.Tagovailoa (AFC East, ID: 00-0036212)"
MIA,WR,00-0036247,F.Swain,AFC,AFC East,"WR, MIA: F.Swain (AFC East, ID: 00-0036247)"
MIA,RB,00-0036297,D.Evans,AFC,AFC East,"RB, MIA: D.Evans (AFC East, ID: 00-0036297)"
MIA,WR,00-0036326,C.Claypool,AFC,AFC East,"WR, MIA: C.Claypool (AFC East, ID: 00-0036326)"
MIA,WR,00-0036613,J.Waddle,AFC,AFC East,"WR, MIA: J.Waddle (AFC East, ID: 00-0036613)"
MIA,WR,00-0036999,A.Schwartz,AFC,AFC East,"WR, MIA: A.Schwartz (AFC East, ID: 00-0036999)"
MIA,QB,00-0037327,S.Thompson,AFC,AFC East,"QB, MIA: S.Thompson (AFC East, ID: 00-0037327)"
MIA,WR,00-0037348,T.Conner,AFC,AFC East,"WR, MIA: T.Conner (AFC East, ID: 00-0037348)"
MIA,WR,00-0037355,B.Sanders,AFC,AFC East,"WR, MIA: B.Sanders (AFC East, ID: 00-0037355)"
MIA,WR,00-0038092,E.Ezukanma,AFC,AFC East,"WR, MIA: E.Ezukanma (AFC East, ID: 00-0038092)"
MIA,QB,00-0038683,J.Blackman,AFC,AFC East,"QB, MIA: J.Blackman (AFC East, ID: 00-0038683)"
MIA,RB,00-0038685,C.Brooks,AFC,AFC East,"RB, MIA: C.Brooks (AFC East, ID: 00-0038685)"
MIA,WR,00-0038687,C.Coleman,AFC,AFC East,"WR, MIA: C.Coleman (AFC East, ID: 00-0038687)"
MIA,WR,00-0038688,D.Davis,AFC,AFC East,"WR, MIA: D.Davis (AFC East, ID: 00-0038688)"
MIA,TE,00-0038720,J.Hill,AFC,AFC East,"TE, MIA: J.Hill (AFC East, ID: 00-0038720)"
MIA,RB,00-0039040,D.Achane,AFC,AFC East,"RB, MIA: D.Achane (AFC East, ID: 00-0039040)"
MIN,QB,00-0029604,K.Cousins,NFC,NFC North,"QB, MIN: K.Cousins (NFC North, ID: 00-0029604)"
MIN,RB,00-0032918,C.Ham,NFC,NFC North,"RB, MIN: C.Ham (NFC North, ID: 00-0032918)"
MIN,TE,00-0033246,J.Mundt,NFC,NFC North,"TE, MIN: J.Mundt (NFC North, ID: 00-0033246)"
MIN,QB,00-0033319,N.Mullens,NFC,NFC North,"QB, MIN: N.Mullens (NFC North, ID: 00-0033319)"
MIN,TE,00-0033720,C.Thompson,NFC,NFC North,"TE, MIN: C.Thompson (NFC North, ID: 00-0033720)"
MIN,QB,00-0033949,R.Dobbs,NFC,NFC North,"QB, MIN: R.Dobbs (NFC North, ID: 00-0033949)"
MIN,TE,00-0034393,T.Fumagalli,NFC,NFC North,"TE, MIN: T.Fumagalli (NFC North, ID: 00-0034393)"
MIN,K,00-0034450,G.Joseph,NFC,NFC North,"K, MIN: G.Joseph (NFC North, ID: 00-0034450)"
MIN,WR,00-0034646,B.Powell,NFC,NFC North,"WR, MIN: B.Powell (NFC North, ID: 00-0034646)"
MIN,RB,00-0034972,A.Mattison,NFC,NFC North,"RB, MIN: A.Mattison (NFC North, ID: 00-0034972)"
MIN,TE,00-0035229,T.Hockenson,NFC,NFC North,"TE, MIN: T.Hockenson (NFC North, ID: 00-0035229)"
MIN,TE,00-0035249,J.Oliver,NFC,NFC North,"TE, MIN: J.Oliver (NFC North, ID: 00-0035249)"
MIN,RB,00-0035311,M.Gaskin,NFC,NFC North,"RB, MIN: M.Gaskin (NFC North, ID: 00-0035311)"
MIN,WR,00-0035624,N.Harry,NFC,NFC North,"WR, MIN: N.Harry (NFC North, ID: 00-0035624)"
MIN,QB,00-0035735,J.Ta'amu,NFC,NFC North,"QB, MIN: J.Ta'amu (NFC North, ID: 00-0035735)"
MIN,TE,00-0035823,B.Ellefson,NFC,NFC North,"TE, MIN: B.Ellefson (NFC North, ID: 00-0035823)"
MIN,WR,00-0035934,T.Jackson,NFC,NFC North,"WR, MIN: T.Jackson (NFC North, ID: 00-0035934)"
MIN,WR,00-0036322,J.Jefferson,NFC,NFC North,"WR, MIN: J.Jefferson (NFC North, ID: 00-0036322)"
MIN,WR,00-0036345,K.Osborn,NFC,NFC North,"WR, MIN: K.Osborn (NFC North, ID: 00-0036345)"
MIN,RB,00-0036414,C.Akers,NFC,NFC North,"RB, MIN: C.Akers (NFC North, ID: 00-0036414)"
MIN,WR,00-0036818,C.Proehl,NFC,NFC North,"WR, MIN: C.Proehl (NFC North, ID: 00-0036818)"
MIN,RB,00-0036842,K.Nwangwu,NFC,NFC North,"RB, MIN: K.Nwangwu (NFC North, ID: 00-0036842)"
MIN,RB,00-0037276,T.Chandler,NFC,NFC North,"RB, MIN: T.Chandler (NFC North, ID: 00-0037276)"
MIN,WR,00-0037291,J.Nailor,NFC,NFC North,"WR, MIN: J.Nailor (NFC North, ID: 00-0037291)"
MIN,TE,00-0037317,N.Muse,NFC,NFC North,"TE, MIN: N.Muse (NFC North, ID: 00-0037317)"
MIN,RB,00-0037546,A.Smith,NFC,NFC North,"RB, MIN: A.Smith (NFC North, ID: 00-0037546)"
MIN,WR,00-0038147,D.Baldwin,NFC,NFC North,"WR, MIN: D.Baldwin (NFC North, ID: 00-0038147)"
MIN,WR,00-0038181,D.Jackson,NFC,NFC North,"WR, MIN: D.Jackson (NFC North, ID: 00-0038181)"
MIN,QB,00-0038598,J.Hall,NFC,NFC North,"QB, MIN: J.Hall (NFC North, ID: 00-0038598)"
MIN,QB,00-0038744,T.Morgan,NFC,NFC North,"QB, MIN: T.Morgan (NFC North, ID: 00-0038744)"
MIN,WR,00-0038806,M.Knowles,NFC,NFC North,"WR, MIN: M.Knowles (NFC North, ID: 00-0038806)"
MIN,WR,00-0038810,T.Thomas,NFC,NFC North,"WR, MIN: T.Thomas (NFC North, ID: 00-0038810)"
MIN,WR,00-0038994,J.Addison,NFC,NFC North,"WR, MIN: J.Addison (NFC North, ID: 00-0038994)"
MIN,WR,00-0039043,G.Maag,NFC,NFC North,"WR, MIN: G.Maag (NFC North, ID: 00-0039043)"
MIN,RB,00-0039046,D.McBride,NFC,NFC North,"RB, MIN: D.McBride (NFC North, ID: 00-0039046)"
MIN,RB,00-0039191,A.Dykes,NFC,NFC North,"RB, MIN: A.Dykes (NFC North, ID: 00-0039191)"
NE,WR,00-0026293,M.Slater,AFC,AFC East,"WR, NE: M.Slater (AFC East, ID: 00-0026293)"
NE,WR,00-0031547,D.Parker,AFC,AFC East,"WR, NE: D.Parker (AFC East, ID: 00-0031547)"
NE,WR,00-0032200,T.Montgomery,AFC,AFC East,"WR, NE: T.Montgomery (AFC East, ID: 00-0032200)"
NE,RB,00-0033045,E.Elliott,AFC,AFC East,"RB, NE: E.Elliott (AFC East, ID: 00-0033045)"
NE,TE,00-0033090,H.Henry,AFC,AFC East,"TE, NE: H.Henry (AFC East, ID: 00-0033090)"
NE,WR,00-0033307,K.Bourne,AFC,AFC East,"WR, NE: K.Bourne (AFC East, ID: 00-0033307)"
NE,TE,00-0033439,P.Brown,AFC,AFC East,"TE, NE: P.Brown (AFC East, ID: 00-0033439)"
NE,WR,00-0033857,J.Smith-Schuster,AFC,AFC East,"WR, NE: J.Smith-Schuster (AFC East, ID: 00-0033857)"
NE,TE,00-0034829,M.Gesicki,AFC,AFC East,"TE, NE: M.Gesicki (AFC East, ID: 00-0034829)"
NE,WR,00-0034971,J.Hurd,AFC,AFC East,"WR, NE: J.Hurd (AFC East, ID: 00-0034971)"
NE,TE,00-0035436,M.Sokol,AFC,AFC East,"TE, NE: M.Sokol (AFC East, ID: 00-0035436)"
NE,RB,00-0035806,J.Hasty,AFC,AFC East,"RB, NE: J.Hasty (AFC East, ID: 00-0035806)"
NE,WR,00-0036387,J.Reagor,AFC,AFC East,"WR, NE: J.Reagor (AFC East, ID: 00-0036387)"
NE,RB,00-0036450,K.Vaughn,AFC,AFC East,"RB, NE: K.Vaughn (AFC East, ID: 00-0036450)"
NE,WR,00-0036471,M.Sexton,AFC,AFC East,"WR, NE: M.Sexton (AFC East, ID: 00-0036471)"
NE,WR,00-0036536,T.Nixon,AFC,AFC East,"WR, NE: T.Nixon (AFC East, ID: 00-0036536)"
NE,RB,00-0036706,T.Marable,AFC,AFC East,"RB, NE: T.Marable (AFC East, ID: 00-0036706)"
NE,RB,00-0036875,R.Stevenson,AFC,AFC East,"RB, NE: R.Stevenson (AFC East, ID: 00-0036875)"
NE,QB,00-0036929,I.Book,AFC,AFC East,"QB, NE: I.Book (AFC East, ID: 00-0036929)"
NE,QB,00-0036972,M.Jones,AFC,AFC East,"QB, NE: M.Jones (AFC East, ID: 00-0036972)"
NE,RB,00-0037286,K.Harris,AFC,AFC East,"RB, NE: K.Harris (AFC East, ID: 00-0037286)"
NE,TE,00-0037724,L.Pettway,AFC,AFC East,"TE, NE: L.Pettway (AFC East, ID: 00-0037724)"
NE,WR,00-0038104,T.Thornton,AFC,AFC East,"WR, NE: T.Thornton (AFC East, ID: 00-0038104)"
NE,QB,00-0038108,B.Zappe,AFC,AFC East,"QB, NE: B.Zappe (AFC East, ID: 00-0038108)"
NE,QB,00-0038132,M.Corral,AFC,AFC East,"QB, NE: M.Corral (AFC East, ID: 00-0038132)"
NE,QB,00-0038150,N.Rourke,AFC,AFC East,"QB, NE: N.Rourke (AFC East, ID: 00-0038150)"
NE,WR,00-0038502,T.Luther,AFC,AFC East,"WR, NE: T.Luther (AFC East, ID: 00-0038502)"
NE,K,00-0038567,C.Ryland,AFC,AFC East,"K, NE: C.Ryland (AFC East, ID: 00-0038567)"
NE,WR,00-0038608,K.Boutte,AFC,AFC East,"WR, NE: K.Boutte (AFC East, ID: 00-0038608)"
NE,WR,00-0038621,D.Douglas,AFC,AFC East,"WR, NE: D.Douglas (AFC East, ID: 00-0038621)"
NO,TE,00-0027696,J.Graham,NFC,NFC South,"TE, NO: J.Graham (NFC South, ID: 00-0027696)"
NO,QB,00-0031280,D.Carr,NFC,NFC South,"QB, NO: D.Carr (NFC South, ID: 00-0031280)"
NO,QB,00-0031503,J.Winston,NFC,NFC South,"QB, NO: J.Winston (NFC South, ID: 00-0031503)"
NO,WR,00-0032765,M.Thomas,NFC,NFC South,"WR, NO: M.Thomas (NFC South, ID: 00-0032765)"
NO,TE,00-0032986,J.Holtz,NFC,NFC South,"TE, NO: J.Holtz (NFC South, ID: 00-0032986)"
NO,QB,00-0033357,T.Hill,NFC,NFC South,"QB, NO: T.Hill (NFC South, ID: 00-0033357)"
NO,RB,00-0033906,A.Kamara,NFC,NFC South,"RB, NO: A.Kamara (NFC South, ID: 00-0033906)"
NO,RB,00-0033948,J.Williams,NFC,NFC South,"RB, NO: J.Williams (NFC South, ID: 00-0033948)"
NO,RB,00-0034301,D.Williams,NFC,NFC South,"RB, NO: D.Williams (NFC South, ID: 00-0034301)"
NO,WR,00-0034317,K.Kirkwood,NFC,NFC South,"WR, NO: K.Kirkwood (NFC South, ID: 00-0034317)"
NO,TE,00-0034981,F.Moreau,NFC,NFC South,"TE, NO: F.Moreau (NFC South, ID: 00-0034981)"
NO,RB,00-0035831,J.Robinson,NFC,NFC South,"RB, NO: J.Robinson (NFC South, ID: 00-0035831)"
NO,WR,00-0035844,K.Merritt,NFC,NFC South,"WR, NO: K.Merritt (NFC South, ID: 00-0035844)"
NO,RB,00-0035975,J.Bargas,NFC,NFC South,"RB, NO: J.Bargas (NFC South, ID: 00-0035975)"
NO,TE,00-0036040,J.Johnson,NFC,NFC South,"TE, NO: J.Johnson (NFC South, ID: 00-0036040)"
NO,TE,00-0036173,T.Hudson,NFC,NFC South,"TE, NO: T.Hudson (NFC South, ID: 00-0036173)"
NO,WR,00-0036219,M.Callaway,NFC,NFC South,"WR, NO: M.Callaway (NFC South, ID: 00-0036219)"
NO,WR,00-0036364,L.Bowden,NFC,NFC South,"WR, NO: L.Bowden (NFC South, ID: 00-0036364)"
NO,RB,00-0036383,E.Benjamin,NFC,NFC South,"RB, NO: E.Benjamin (NFC South, ID: 00-0036383)"
NO,RB,00-0036727,A.Prentice,NFC,NFC South,"RB, NO: A.Prentice (NFC South, ID: 00-0036727)"
NO,WR,00-0036939,K.Baker,NFC,NFC South,"WR, NO: K.Baker (NFC South, ID: 00-0036939)"
NO,TE,00-0037022,M.Jacobson,NFC,NFC South,"TE, NO: M.Jacobson (NFC South, ID: 00-0037022)"
NO,WR,00-0037239,C.Olave,NFC,NFC South,"WR, NO: C.Olave (NFC South, ID: 00-0037239)"
NO,WR,00-0037545,R.Shaheed,NFC,NFC South,"WR, NO: R.Shaheed (NFC South, ID: 00-0037545)"
NO,WR,00-0037553,J.Kirklin,NFC,NFC South,"WR, NO: J.Kirklin (NFC South, ID: 00-0037553)"
NO,RB,00-0038551,K.Miller,NFC,NFC South,"RB, NO: K.Miller (NFC South, ID: 00-0038551)"
NO,WR,00-0038612,A.Perry,NFC,NFC South,"WR, NO: A.Perry (NFC South, ID: 00-0038612)"
NO,RB,00-0038678,J.Mims,NFC,NFC South,"RB, NO: J.Mims (NFC South, ID: 00-0038678)"
NO,WR,00-0038902,S.Davis,NFC,NFC South,"WR, NO: S.Davis (NFC South, ID: 00-0038902)"
NO,K,00-0038905,B.Grupe,NFC,NFC South,"K, NO: B.Grupe (NFC South, ID: 00-0038905)"
NO,QB,00-0038998,J.Haener,NFC,NFC South,"QB, NO: J.Haener (NFC South, ID: 00-0038998)"
NYG,K,00-0025580,M.Crosby,NFC,NFC East,"K, NYG: M.Crosby (NFC East, ID: 00-0025580)"
NYG,K,00-0026858,G.Gano,NFC,NFC East,"K, NYG: G.Gano (NFC East, ID: 00-0026858)"
NYG,RB,00-0028063,T.Jones,NFC,NFC East,"RB, NYG: T.Jones (NFC East, ID: 00-0028063)"
NYG,QB,00-0028118,T.Taylor,NFC,NFC East,"QB, NYG: T.Taylor (NFC East, ID: 00-0028118)"
NYG,WR,00-0029000,C.Beasley,NFC,NFC East,"WR, NYG: C.Beasley (NFC East, ID: 00-0029000)"
NYG,K,00-0029421,R.Bullock,NFC,NFC East,"K, NYG: R.Bullock (NFC East, ID: 00-0029421)"
NYG,TE,00-0031610,D.Waller,NFC,NFC East,"TE, NYG: D.Waller (NFC East, ID: 00-0031610)"
NYG,WR,00-0032385,S.Shepard,NFC,NFC East,"WR, NYG: S.Shepard (NFC East, ID: 00-0032385)"
NYG,RB,00-0033308,M.Breida,NFC,NFC East,"RB, NYG: M.Breida (NFC East, ID: 00-0033308)"
NYG,RB,00-0034844,S.Barkley,NFC,NFC East,"RB, NYG: S.Barkley (NFC East, ID: 00-0034844)"
NYG,TE,00-0035308,T.Sweeney,NFC,NFC East,"TE, NYG: T.Sweeney (NFC East, ID: 00-0035308)"
NYG,TE,00-0035345,C.Myarick,NFC,NFC East,"TE, NYG: C.Myarick (NFC East, ID: 00-0035345)"
NYG,TE,00-0035356,T.Jackson,NFC,NFC East,"TE, NYG: T.Jackson (NFC East, ID: 00-0035356)"
NYG,WR,00-0035535,D.Slayton,NFC,NFC East,"WR, NYG: D.Slayton (NFC East, ID: 00-0035535)"
NYG,WR,00-0035639,P.Campbell,NFC,NFC East,"WR, NYG: P.Campbell (NFC East, ID: 00-0035639)"
NYG,WR,00-0035645,K.Olszewski,NFC,NFC East,"WR, NYG: K.Olszewski (NFC East, ID: 00-0035645)"
NYG,QB,00-0035710,D.Jones,NFC,NFC East,"QB, NYG: D.Jones (NFC East, ID: 00-0035710)"
NYG,TE,00-0036145,L.Cager,NFC,NFC East,"TE, NYG: L.Cager (NFC East, ID: 00-0036145)"
NYG,WR,00-0036165,I.Hodgins,NFC,NFC East,"WR, NYG: I.Hodgins (NFC East, ID: 00-0036165)"
NYG,QB,00-0036226,J.Eason,NFC,NFC East,"QB, NYG: J.Eason (NFC East, ID: 00-0036226)"
NYG,RB,00-0036493,D.Jackson,NFC,NFC East,"RB, NYG: D.Jackson (NFC East, ID: 00-0036493)"
NYG,RB,00-0036569,G.Brightwell,NFC,NFC East,"RB, NYG: G.Brightwell (NFC East, ID: 00-0036569)"
NYG,RB,00-0037410,J.Corbin,NFC,NFC East,"RB, NYG: J.Corbin (NFC East, ID: 00-0037410)"
NYG,WR,00-0037443,K.Pimpleton,NFC,NFC East,"WR, NYG: K.Pimpleton (NFC East, ID: 00-0037443)"
NYG,WR,00-0037570,D.Houston,NFC,NFC East,"WR, NYG: D.Houston (NFC East, ID: 00-0037570)"
NYG,K,00-0038097,C.York,NFC,NFC East,"K, NYG: C.York (NFC East, ID: 00-0038097)"
NYG,TE,00-0038115,D.Bellinger,NFC,NFC East,"TE, NYG: D.Bellinger (NFC East, ID: 00-0038115)"
NYG,WR,00-0038117,C.Robinson,NFC,NFC East,"WR, NYG: C.Robinson (NFC East, ID: 00-0038117)"
NYG,RB,00-0038396,E.Gray,NFC,NFC East,"RB, NYG: E.Gray (NFC East, ID: 00-0038396)"
NYG,QB,00-0038476,T.DeVito,NFC,NFC East,"QB, NYG: T.DeVito (NFC East, ID: 00-0038476)"
NYG,WR,00-0038477,B.Ford-Wheaton,NFC,NFC East,"WR, NYG: B.Ford-Wheaton (NFC East, ID: 00-0038477)"
NYG,TE,00-0038480,R.Jones,NFC,NFC East,"TE, NYG: R.Jones (NFC East, ID: 00-0038480)"
NYG,RB,00-0038714,H.Hall,NFC,NFC East,"RB, NYG: H.Hall (NFC East, ID: 00-0038714)"
NYG,WR,00-0038938,J.Hyatt,NFC,NFC East,"WR, NYG: J.Hyatt (NFC East, ID: 00-0038938)"
NYG,WR,00-0038953,D.Drummond,NFC,NFC East,"WR, NYG: D.Drummond (NFC East, ID: 00-0038953)"
NYJ,QB,00-0023459,A.Rodgers,AFC,AFC East,"QB, NYJ: A.Rodgers (AFC East, ID: 00-0023459)"
NYJ,WR,00-0028002,R.Cobb,AFC,AFC East,"WR, NYJ: R.Cobb (AFC East, ID: 00-0028002)"
NYJ,K,00-0029621,G.Zuerlein,AFC,AFC East,"K, NYJ: G.Zuerlein (AFC East, ID: 00-0029621)"
NYJ,TE,00-0032134,C.Uzomah,AFC,AFC East,"TE, NYJ: C.Uzomah (AFC East, ID: 00-0032134)"
NYJ,QB,00-0032156,T.Siemian,AFC,AFC East,"QB, NYJ: T.Siemian (AFC East, ID: 00-0032156)"
NYJ,WR,00-0033871,C.Davis,AFC,AFC East,"WR, NYJ: C.Davis (AFC East, ID: 00-0033871)"
NYJ,TE,00-0034270,T.Conklin,AFC,AFC East,"TE, NYJ: T.Conklin (AFC East, ID: 00-0034270)"
NYJ,RB,00-0034433,C.Bawden,AFC,AFC East,"RB, NYJ: C.Bawden (AFC East, ID: 00-0034433)"
NYJ,WR,00-0034521,A.Lazard,AFC,AFC East,"WR, NYJ: A.Lazard (AFC East, ID: 00-0034521)"
NYJ,QB,00-0034955,B.Rypien,AFC,AFC East,"QB, NYJ: B.Rypien (AFC East, ID: 00-0034955)"
NYJ,K,00-0035145,A.Seibert,AFC,AFC East,"K, NYJ: A.Seibert (AFC East, ID: 00-0035145)"
NYJ,WR,00-0035480,M.Taylor,AFC,AFC East,"WR, NYJ: M.Taylor (AFC East, ID: 00-0035480)"
NYJ,RB,00-0035760,J.Patrick,AFC,AFC East,"RB, NYJ: J.Patrick (AFC East, ID: 00-0035760)"
NYJ,TE,00-0036510,K.Yeboah,AFC,AFC East,"TE, NYJ: K.Yeboah (AFC East, ID: 00-0036510)"
NYJ,QB,00-0037013,Z.Wilson,AFC,AFC East,"QB, NYJ: Z.Wilson (AFC East, ID: 00-0037013)"
NYJ,WR,00-0037055,L.McCutcheon,AFC,AFC East,"WR, NYJ: L.McCutcheon (AFC East, ID: 00-0037055)"
NYJ,WR,00-0037156,I.Charles,AFC,AFC East,"WR, NYJ: I.Charles (AFC East, ID: 00-0037156)"
NYJ,WR,00-0037740,G.Wilson,AFC,AFC East,"WR, NYJ: G.Wilson (AFC East, ID: 00-0037740)"
NYJ,TE,00-0037805,J.Ruckert,AFC,AFC East,"TE, NYJ: J.Ruckert (AFC East, ID: 00-0037805)"
NYJ,RB,00-0038120,B.Hall,AFC,AFC East,"RB, NYJ: B.Hall (AFC East, ID: 00-0038120)"
NYJ,RB,00-0038389,I.Abanikanda,AFC,AFC East,"RB, NYJ: I.Abanikanda (AFC East, ID: 00-0038389)"
NYJ,TE,00-0038406,Z.Kuntz,AFC,AFC East,"TE, NYJ: Z.Kuntz (AFC East, ID: 00-0038406)"
NYJ,WR,00-0038492,J.Brownlee,AFC,AFC East,"WR, NYJ: J.Brownlee (AFC East, ID: 00-0038492)"
NYJ,RB,00-0038495,T.Dye,AFC,AFC East,"RB, NYJ: T.Dye (AFC East, ID: 00-0038495)"
NYJ,WR,00-0038496,X.Gipson,AFC,AFC East,"WR, NYJ: X.Gipson (AFC East, ID: 00-0038496)"
NYJ,RB,00-0038727,X.Valladay,AFC,AFC East,"RB, NYJ: X.Valladay (AFC East, ID: 00-0038727)"
NYJ,WR,00-0039033,J.Kapp,AFC,AFC East,"WR, NYJ: J.Kapp (AFC East, ID: 00-0039033)"
PHI,WR,00-0027944,Q.Jones,NFC,NFC East,"WR, PHI: Q.Jones (NFC East, ID: 00-0027944)"
PHI,QB,00-0032268,M.Mariota,NFC,NFC East,"QB, PHI: M.Mariota (NFC East, ID: 00-0032268)"
PHI,WR,00-0033733,G.Ward,NFC,NFC East,"WR, PHI: G.Ward (NFC East, ID: 00-0033733)"
PHI,K,00-0033787,J.Elliott,NFC,NFC East,"K, PHI: J.Elliott (NFC East, ID: 00-0033787)"
PHI,TE,00-0034351,D.Goedert,NFC,NFC East,"TE, PHI: D.Goedert (NFC East, ID: 00-0034351)"
PHI,RB,00-0034414,B.Scott,NFC,NFC East,"RB, PHI: B.Scott (NFC East, ID: 00-0034414)"
PHI,RB,00-0034750,R.Penny,NFC,NFC East,"RB, PHI: R.Penny (NFC East, ID: 00-0034750)"
PHI,WR,00-0035208,O.Zaccheaus,NFC,NFC East,"WR, PHI: O.Zaccheaus (NFC East, ID: 00-0035208)"
PHI,WR,00-0035676,A.Brown,NFC,NFC East,"WR, PHI: A.Brown (NFC East, ID: 00-0035676)"
PHI,TE,00-0036005,N.Togiai,NFC,NFC East,"TE, PHI: N.Togiai (NFC East, ID: 00-0036005)"
PHI,WR,00-0036271,T.Watkins,NFC,NFC East,"WR, PHI: T.Watkins (NFC East, ID: 00-0036271)"
PHI,RB,00-0036275,D.Swift,NFC,NFC East,"RB, PHI: D.Swift (NFC East, ID: 00-0036275)"
PHI,QB,00-0036389,J.Hurts,NFC,NFC East,"QB, PHI: J.Hurts (NFC East, ID: 00-0036389)"
PHI,TE,00-0036423,A.Okwuegbunam,NFC,NFC East,"TE, PHI: A.Okwuegbunam (NFC East, ID: 00-0036423)"
PHI,TE,00-0036741,J.Stoll,NFC,NFC East,"TE, PHI: J.Stoll (NFC East, ID: 00-0036741)"
PHI,WR,00-0036912,D.Smith,NFC,NFC East,"WR, PHI: D.Smith (NFC East, ID: 00-0036912)"
PHI,RB,00-0036919,K.Gainwell,NFC,NFC East,"RB, PHI: K.Gainwell (NFC East, ID: 00-0036919)"
PHI,WR,00-0037039,D.Allen,NFC,NFC East,"WR, PHI: D.Allen (NFC East, ID: 00-0037039)"
PHI,TE,00-0037086,G.Calcaterra,NFC,NFC East,"TE, PHI: G.Calcaterra (NFC East, ID: 00-0037086)"
PHI,RB,00-0037131,K.Brooks,NFC,NFC East,"RB, PHI: K.Brooks (NFC East, ID: 00-0037131)"
PHI,WR,00-0037132,B.Covey,NFC,NFC East,"WR, PHI: B.Covey (NFC East, ID: 00-0037132)"
PHI,WR,00-0037366,C.Rambo,NFC,NFC East,"WR, PHI: C.Rambo (NFC East, ID: 00-0037366)"
PHI,QB,00-0038400,T.McKee,NFC,NFC East,"QB, PHI: T.McKee (NFC East, ID: 00-0038400)"
PHI,RB,00-0038409,A.Nichols,NFC,NFC East,"RB, PHI: A.Nichols (NFC East, ID: 00-0038409)"
PHI,WR,00-0038434,J.King,NFC,NFC East,"WR, PHI: J.King (NFC East, ID: 00-0038434)"
PHI,WR,00-0038483,J.Haselwood,NFC,NFC East,"WR, PHI: J.Haselwood (NFC East, ID: 00-0038483)"
PHI,WR,00-0038484,J.Ngata,NFC,NFC East,"WR, PHI: J.Ngata (NFC East, ID: 00-0038484)"
PHI,WR,00-0038760,G.Hebert,NFC,NFC East,"WR, PHI: G.Hebert (NFC East, ID: 00-0038760)"
PIT,K,00-0031136,C.Boswell,AFC,AFC North,"K, PIT: C.Boswell (AFC North, ID: 00-0031136)"
PIT,WR,00-0031428,A.Robinson,AFC,AFC North,"WR, PIT: A.Robinson (AFC North, ID: 00-0031428)"
PIT,QB,00-0033869,M.Trubisky,AFC,AFC North,"QB, PIT: M.Trubisky (AFC North, ID: 00-0033869)"
PIT,RB,00-0034614,G.Igwebuike,AFC,AFC North,"RB, PIT: G.Igwebuike (AFC North, ID: 00-0034614)"
PIT,QB,00-0034771,M.Rudolph,AFC,AFC North,"QB, PIT: M.Rudolph (AFC North, ID: 00-0034771)"
PIT,QB,00-0035146,T.McSorley,AFC,AFC North,"QB, PIT: T.McSorley (AFC North, ID: 00-0035146)"
PIT,WR,00-0035216,D.Johnson,AFC,AFC North,"WR, PIT: D.Johnson (AFC North, ID: 00-0035216)"
PIT,RB,00-0035273,Q.Ollison,AFC,AFC North,"RB, PIT: Q.Ollison (AFC North, ID: 00-0035273)"
PIT,TE,00-0035529,H.Butler,AFC,AFC North,"TE, PIT: H.Butler (AFC North, ID: 00-0035529)"
PIT,WR,00-0035703,M.Boykin,AFC,AFC North,"WR, PIT: M.Boykin (AFC North, ID: 00-0035703)"
PIT,WR,00-0036255,D.Mims,AFC,AFC North,"WR, PIT: D.Mims (AFC North, ID: 00-0036255)"
PIT,RB,00-0036336,A.McFarland,AFC,AFC North,"RB, PIT: A.McFarland (AFC North, ID: 00-0036336)"
PIT,WR,00-0036627,D.Fitzpatrick,AFC,AFC North,"WR, PIT: D.Fitzpatrick (AFC North, ID: 00-0036627)"
PIT,RB,00-0036893,N.Harris,AFC,AFC North,"RB, PIT: N.Harris (AFC North, ID: 00-0036893)"
PIT,TE,00-0036894,P.Freiermuth,AFC,AFC North,"TE, PIT: P.Freiermuth (AFC North, ID: 00-0036894)"
PIT,RB,00-0037228,J.Warren,AFC,AFC North,"RB, PIT: J.Warren (AFC North, ID: 00-0037228)"
PIT,WR,00-0037247,G.Pickens,AFC,AFC North,"WR, PIT: G.Pickens (AFC North, ID: 00-0037247)"
PIT,TE,00-0037304,C.Heyward,AFC,AFC North,"TE, PIT: C.Heyward (AFC North, ID: 00-0037304)"
PIT,RB,00-0037437,G.Bell,AFC,AFC North,"RB, PIT: G.Bell (AFC North, ID: 00-0037437)"
PIT,TE,00-0037451,R.Williams,AFC,AFC North,"TE, PIT: R.Williams (AFC North, ID: 00-0037451)"
PIT,WR,00-0037837,C.Austin,AFC,AFC North,"WR, PIT: C.Austin (AFC North, ID: 00-0037837)"
PIT,QB,00-0038102,K.Pickett,AFC,AFC North,"QB, PIT: K.Pickett (AFC North, ID: 00-0038102)"
PIT,WR,00-0038422,A.Cruickshank,AFC,AFC North,"WR, PIT: A.Cruickshank (AFC North, ID: 00-0038422)"
PIT,RB,00-0038433,D.Hagans,AFC,AFC North,"RB, PIT: D.Hagans (AFC North, ID: 00-0038433)"
PIT,WR,00-0038472,N.Watts,AFC,AFC North,"WR, PIT: N.Watts (AFC North, ID: 00-0038472)"
PIT,TE,00-0038558,D.Washington,AFC,AFC North,"TE, PIT: D.Washington (AFC North, ID: 00-0038558)"
PIT,RB,00-0038743,J.Byrd,AFC,AFC North,"RB, PIT: J.Byrd (AFC North, ID: 00-0038743)"
PIT,K,00-0038748,B.Potter,AFC,AFC North,"K, PIT: B.Potter (AFC North, ID: 00-0038748)"
PIT,TE,00-0038758,N.Gindorff,AFC,AFC North,"TE, PIT: N.Gindorff (AFC North, ID: 00-0038758)"
PIT,WR,00-0038843,J.Copeland,AFC,AFC North,"WR, PIT: J.Copeland (AFC North, ID: 00-0038843)"
PIT,RB,00-0038875,J.Colletto,AFC,AFC North,"RB, PIT: J.Colletto (AFC North, ID: 00-0038875)"
PIT,RB,00-0038957,A.Graham,AFC,AFC North,"RB, PIT: A.Graham (AFC North, ID: 00-0038957)"
SEA,QB,00-0030565,E.Smith,NFC,NFC West,"QB, SEA: E.Smith (NFC West, ID: 00-0030565)"
SEA,K,00-0031492,J.Myers,NFC,NFC West,"K, SEA: J.Myers (NFC West, ID: 00-0031492)"
SEA,WR,00-0032211,T.Lockett,NFC,NFC West,"WR, SEA: T.Lockett (NFC West, ID: 00-0032211)"
SEA,QB,00-0032245,S.Mannion,NFC,NFC West,"QB, SEA: S.Mannion (NFC West, ID: 00-0032245)"
SEA,TE,00-0034159,W.Dissly,NFC,NFC West,"TE, SEA: W.Dissly (NFC West, ID: 00-0034159)"
SEA,WR,00-0035164,C.Thompson,NFC,NFC West,"WR, SEA: C.Thompson (NFC West, ID: 00-0035164)"
SEA,WR,00-0035640,D.Metcalf,NFC,NFC West,"WR, SEA: D.Metcalf (NFC West, ID: 00-0035640)"
SEA,TE,00-0035644,N.Fant,NFC,NFC West,"TE, SEA: N.Fant (NFC West, ID: 00-0035644)"
SEA,QB,00-0035704,D.Lock,NFC,NFC West,"QB, SEA: D.Lock (NFC West, ID: 00-0035704)"
SEA,WR,00-0035891,C.White,NFC,NFC West,"WR, SEA: C.White (NFC West, ID: 00-0035891)"
SEA,TE,00-0036059,T.Mabry,NFC,NFC West,"TE, SEA: T.Mabry (NFC West, ID: 00-0036059)"
SEA,WR,00-0036080,E.Winston,NFC,NFC West,"WR, SEA: E.Winston (NFC West, ID: 00-0036080)"
SEA,TE,00-0036244,C.Parkinson,NFC,NFC West,"TE, SEA: C.Parkinson (NFC West, ID: 00-0036244)"
SEA,RB,00-0036425,D.Dallas,NFC,NFC West,"RB, SEA: D.Dallas (NFC West, ID: 00-0036425)"
SEA,WR,00-0036620,D.Eskridge,NFC,NFC West,"WR, SEA: D.Eskridge (NFC West, ID: 00-0036620)"
SEA,WR,00-0036810,C.Johnson,NFC,NFC West,"WR, SEA: C.Johnson (NFC West, ID: 00-0036810)"
SEA,TE,00-0037015,S.Cannella,NFC,NFC West,"TE, SEA: S.Cannella (NFC West, ID: 00-0037015)"
SEA,WR,00-0037093,D.Young,NFC,NFC West,"WR, SEA: D.Young (NFC West, ID: 00-0037093)"
SEA,WR,00-0037362,R.Henry,NFC,NFC West,"WR, SEA: R.Henry (NFC West, ID: 00-0037362)"
SEA,RB,00-0037495,B.Koback,NFC,NFC West,"RB, SEA: B.Koback (NFC West, ID: 00-0037495)"
SEA,RB,00-0038134,K.Walker,NFC,NFC West,"RB, SEA: K.Walker (NFC West, ID: 00-0038134)"
SEA,TE,00-0038488,B.Russell,NFC,NFC West,"TE, SEA: B.Russell (NFC West, ID: 00-0038488)"
SEA,WR,00-0038543,J.Smith-Njigba,NFC,NFC West,"WR, SEA: J.Smith-Njigba (NFC West, ID: 00-0038543)"
SEA,RB,00-0038636,K.McIntosh,NFC,NFC West,"RB, SEA: K.McIntosh (NFC West, ID: 00-0038636)"
SEA,QB,00-0038749,H.Ahlers,NFC,NFC West,"QB, SEA: H.Ahlers (NFC West, ID: 00-0038749)"
SEA,WR,00-0038752,J.Bobo,NFC,NFC West,"WR, SEA: J.Bobo (NFC West, ID: 00-0038752)"
SEA,WR,00-0038759,J.Hall,NFC,NFC West,"WR, SEA: J.Hall (NFC West, ID: 00-0038759)"
SEA,WR,00-0038763,T.Lindsey,NFC,NFC West,"WR, SEA: T.Lindsey (NFC West, ID: 00-0038763)"
SEA,WR,00-0038929,J.Marshall,NFC,NFC West,"WR, SEA: J.Marshall (NFC West, ID: 00-0038929)"
SEA,RB,00-0039165,Z.Charbonnet,NFC,NFC West,"RB, SEA: Z.Charbonnet (NFC West, ID: 00-0039165)"
SEA,RB,00-0039170,W.Taulapapa,NFC,NFC West,"RB, SEA: W.Taulapapa (NFC West, ID: 00-0039170)"
SF,RB,00-0029892,K.Juszczyk,NFC,NFC West,"RB, SF: K.Juszczyk (NFC West, ID: 00-0029892)"
SF,WR,00-0030663,W.Snead,NFC,NFC West,"WR, SF: W.Snead (NFC West, ID: 00-0030663)"
SF,WR,00-0032128,C.Conley,NFC,NFC West,"WR, SF: C.Conley (NFC West, ID: 00-0032128)"
SF,QB,00-0032434,B.Allen,NFC,NFC West,"QB, SF: B.Allen (NFC West, ID: 00-0032434)"
SF,RB,00-0033280,C.McCaffrey,NFC,NFC West,"RB, SF: C.McCaffrey (NFC West, ID: 00-0033280)"
SF,TE,00-0033288,G.Kittle,NFC,NFC West,"TE, SF: G.Kittle (NFC West, ID: 00-0033288)"
SF,RB,00-0033567,B.Hill,NFC,NFC West,"RB, SF: B.Hill (NFC West, ID: 00-0033567)"
SF,K,00-0033862,Z.Gonzalez,NFC,NFC West,"K, SF: Z.Gonzalez (NFC West, ID: 00-0033862)"
SF,RB,00-0033955,J.McNichols,NFC,NFC West,"RB, SF: J.McNichols (NFC West, ID: 00-0033955)"
SF,TE,00-0034073,R.Dwelley,NFC,NFC West,"TE, SF: R.Dwelley (NFC West, ID: 00-0034073)"
SF,WR,00-0034407,R.McCloud,NFC,NFC West,"WR, SF: R.McCloud (NFC West, ID: 00-0034407)"
SF,QB,00-0034869,S.Darnold,NFC,NFC West,"QB, SF: S.Darnold (NFC West, ID: 00-0034869)"
SF,WR,00-0035719,T.Samuel,NFC,NFC West,"WR, SF: T.Samuel (NFC West, ID: 00-0035719)"
SF,WR,00-0036259,B.Jennings,NFC,NFC West,"WR, SF: B.Jennings (NFC West, ID: 00-0036259)"
SF,WR,00-0036261,B.Aiyuk,NFC,NFC West,"WR, SF: B.Aiyuk (NFC West, ID: 00-0036261)"
SF,TE,00-0036429,C.Woerner,NFC,NFC West,"TE, SF: C.Woerner (NFC West, ID: 00-0036429)"
SF,RB,00-0036567,E.Mitchell,NFC,NFC West,"RB, SF: E.Mitchell (NFC West, ID: 00-0036567)"
SF,TE,00-0037112,J.Tonges,NFC,NFC West,"TE, SF: J.Tonges (NFC West, ID: 00-0037112)"
SF,WR,00-0037524,D.Martin,NFC,NFC West,"WR, SF: D.Martin (NFC West, ID: 00-0037524)"
SF,RB,00-0037525,J.Mason,NFC,NFC West,"RB, SF: J.Mason (NFC West, ID: 00-0037525)"
SF,RB,00-0037827,T.Davis-Price,NFC,NFC West,"RB, SF: T.Davis-Price (NFC West, ID: 00-0037827)"
SF,WR,00-0037828,D.Gray,NFC,NFC West,"WR, SF: D.Gray (NFC West, ID: 00-0037828)"
SF,QB,00-0037834,B.Purdy,NFC,NFC West,"QB, SF: B.Purdy (NFC West, ID: 00-0037834)"
SF,K,00-0038562,J.Moody,NFC,NFC West,"K, SF: J.Moody (NFC West, ID: 00-0038562)"
SF,TE,00-0038564,C.Latu,NFC,NFC West,"TE, SF: C.Latu (NFC West, ID: 00-0038564)"
SF,TE,00-0038643,B.Willis,NFC,NFC West,"TE, SF: B.Willis (NFC West, ID: 00-0038643)"
SF,WR,00-0038647,R.Bell,NFC,NFC West,"WR, SF: R.Bell (NFC West, ID: 00-0038647)"
SF,WR,00-0038883,I.Winstead,NFC,NFC West,"WR, SF: I.Winstead (NFC West, ID: 00-0038883)"
TB,WR,00-0031408,M.Evans,NFC,NFC South,"WR, TB: M.Evans (NFC South, ID: 00-0031408)"
TB,WR,00-0033589,D.Moore,NFC,NFC South,"WR, TB: D.Moore (NFC South, ID: 00-0033589)"
TB,WR,00-0033921,R.Godwin,NFC,NFC South,"WR, TB: R.Godwin (NFC South, ID: 00-0033921)"
TB,WR,00-0034411,R.Gage,NFC,NFC South,"WR, TB: R.Gage (NFC South, ID: 00-0034411)"
TB,TE,00-0034575,D.Wells,NFC,NFC South,"TE, TB: D.Wells (NFC South, ID: 00-0034575)"
TB,RB,00-0034681,C.Edmonds,NFC,NFC South,"RB, TB: C.Edmonds (NFC South, ID: 00-0034681)"
TB,QB,00-0034855,B.Mayfield,NFC,NFC South,"QB, TB: B.Mayfield (NFC South, ID: 00-0034855)"
TB,QB,00-0034899,J.Wolford,NFC,NFC South,"QB, TB: J.Wolford (NFC South, ID: 00-0034899)"
TB,RB,00-0035342,P.Laird,NFC,NFC South,"RB, TB: P.Laird (NFC South, ID: 00-0035342)"
TB,K,00-0035358,C.McLaughlin,NFC,NFC South,"K, TB: C.McLaughlin (NFC South, ID: 00-0035358)"
TB,TE,00-0036456,D.Dafney,NFC,NFC South,"TE, TB: D.Dafney (NFC South, ID: 00-0036456)"
TB,QB,00-0036928,K.Trask,NFC,NFC South,"QB, TB: K.Trask (NFC South, ID: 00-0036928)"
TB,WR,00-0037185,R.Webb,NFC,NFC South,"WR, TB: R.Webb (NFC South, ID: 00-0037185)"
TB,RB,00-0037256,R.White,NFC,NFC South,"RB, TB: R.White (NFC South, ID: 00-0037256)"
TB,TE,00-0037311,K.Kieft,NFC,NFC South,"TE, TB: K.Kieft (NFC South, ID: 00-0037311)"
TB,WR,00-0037483,K.Geiger,NFC,NFC South,"WR, TB: K.Geiger (NFC South, ID: 00-0037483)"
TB,WR,00-0037487,D.Thompkins,NFC,NFC South,"WR, TB: D.Thompkins (NFC South, ID: 00-0037487)"
TB,TE,00-0038129,C.Otton,NFC,NFC South,"TE, TB: C.Otton (NFC South, ID: 00-0038129)"
TB,WR,00-0038805,C.Johnson,NFC,NFC South,"WR, TB: C.Johnson (NFC South, ID: 00-0038805)"
TB,WR,00-0038814,T.Barber,NFC,NFC South,"WR, TB: T.Barber (NFC South, ID: 00-0038814)"
TB,RB,00-0038816,R.Brown,NFC,NFC South,"RB, TB: R.Brown (NFC South, ID: 00-0038816)"
TB,WR,00-0038821,R.Jarrett,NFC,NFC South,"WR, TB: R.Jarrett (NFC South, ID: 00-0038821)"
TB,WR,00-0038824,R.Miller,NFC,NFC South,"WR, TB: R.Miller (NFC South, ID: 00-0038824)"
TB,TE,00-0038828,T.Taula,NFC,NFC South,"TE, TB: T.Taula (NFC South, ID: 00-0038828)"
TB,WR,00-0038829,K.Warner,NFC,NFC South,"WR, TB: K.Warner (NFC South, ID: 00-0038829)"
TB,RB,00-0038951,S.Tucker,NFC,NFC South,"RB, TB: S.Tucker (NFC South, ID: 00-0038951)"
TB,TE,00-0039050,P.Durham,NFC,NFC South,"TE, TB: P.Durham (NFC South, ID: 00-0039050)"
TB,WR,00-0039052,T.Palmer,NFC,NFC South,"WR, TB: T.Palmer (NFC South, ID: 00-0039052)"
TEN,K,00-0025565,N.Folk,AFC,AFC South,"K, TEN: N.Folk (AFC South, ID: 00-0025565)"
TEN,QB,00-0029701,R.Tannehill,AFC,AFC South,"QB, TEN: R.Tannehill (AFC South, ID: 00-0029701)"
TEN,WR,00-0030564,D.Hopkins,AFC,AFC South,"WR, TEN: D.Hopkins (AFC South, ID: 00-0030564)"
TEN,WR,00-0032398,C.Moore,AFC,AFC South,"WR, TEN: C.Moore (AFC South, ID: 00-0032398)"
TEN,RB,00-0032764,D.Henry,AFC,AFC South,"RB, TEN: D.Henry (AFC South, ID: 00-0032764)"
TEN,TE,00-0034193,K.Rader,AFC,AFC South,"TE, TEN: K.Rader (AFC South, ID: 00-0034193)"
TEN,TE,00-0035259,T.Wesco,AFC,AFC South,"TE, TEN: T.Wesco (AFC South, ID: 00-0035259)"
TEN,TE,00-0035309,A.Mack,AFC,AFC South,"TE, TEN: A.Mack (AFC South, ID: 00-0035309)"
TEN,RB,00-0035924,J.Ward,AFC,AFC South,"RB, TEN: J.Ward (AFC South, ID: 00-0035924)"
TEN,WR,00-0036176,M.Kinsey,AFC,AFC South,"WR, TEN: M.Kinsey (AFC South, ID: 00-0036176)"
TEN,WR,00-0036182,N.Westbrook-Ikhine,AFC,AFC South,"WR, TEN: N.Westbrook-Ikhine (AFC South, ID: 00-0036182)"
TEN,TE,00-0036194,D.Asiasi,AFC,AFC South,"TE, TEN: D.Asiasi (AFC South, ID: 00-0036194)"
TEN,WR,00-0036572,S.Smith,AFC,AFC South,"WR, TEN: S.Smith (AFC South, ID: 00-0036572)"
TEN,WR,00-0037273,K.Philips,AFC,AFC South,"WR, TEN: K.Philips (AFC South, ID: 00-0037273)"
TEN,TE,00-0037424,J.Rigg,AFC,AFC South,"TE, TEN: J.Rigg (AFC South, ID: 00-0037424)"
TEN,RB,00-0037594,J.Chestnut,AFC,AFC South,"RB, TEN: J.Chestnut (AFC South, ID: 00-0037594)"
TEN,WR,00-0037604,R.Roberson,AFC,AFC South,"WR, TEN: R.Roberson (AFC South, ID: 00-0037604)"
TEN,RB,00-0037617,H.Haskins,AFC,AFC South,"RB, TEN: H.Haskins (AFC South, ID: 00-0037617)"
TEN,WR,00-0037742,T.Burks,AFC,AFC South,"WR, TEN: T.Burks (AFC South, ID: 00-0037742)"
TEN,TE,00-0037809,C.Okonkwo,AFC,AFC South,"TE, TEN: C.Okonkwo (AFC South, ID: 00-0037809)"
TEN,QB,00-0038128,M.Willis,AFC,AFC South,"QB, TEN: M.Willis (AFC South, ID: 00-0038128)"
TEN,TE,00-0038145,T.Odukoya,AFC,AFC South,"TE, TEN: T.Odukoya (AFC South, ID: 00-0038145)"
TEN,TE,00-0038589,J.Whyle,AFC,AFC South,"TE, TEN: J.Whyle (AFC South, ID: 00-0038589)"
TEN,WR,00-0038632,C.Dowell,AFC,AFC South,"WR, TEN: C.Dowell (AFC South, ID: 00-0038632)"
TEN,WR,00-0038844,T.Harrison,AFC,AFC South,"WR, TEN: T.Harrison (AFC South, ID: 00-0038844)"
TEN,WR,00-0038962,G.Holmes,AFC,AFC South,"WR, TEN: G.Holmes (AFC South, ID: 00-0038962)"
TEN,WR,00-0038969,K.Jackson,AFC,AFC South,"WR, TEN: K.Jackson (AFC South, ID: 00-0038969)"
TEN,RB,00-0039032,T.Spears,AFC,AFC South,"RB, TEN: T.Spears (AFC South, ID: 00-0039032)"
TEN,QB,00-0039152,W.Levis,AFC,AFC South,"QB, TEN: W.Levis (AFC South, ID: 00-0039152)"
WAS,TE,00-0031260,L.Thomas,NFC,NFC East,"TE, WAS: L.Thomas (NFC East, ID: 00-0031260)"
WAS,WR,00-0031941,J.Crowder,NFC,NFC East,"WR, WAS: J.Crowder (NFC East, ID: 00-0031941)"
WAS,RB,00-0032975,J.Williams,NFC,NFC East,"RB, WAS: J.Williams (NFC East, ID: 00-0032975)"
WAS,QB,00-0033119,J.Brissett,NFC,NFC East,"QB, WAS: J.Brissett (NFC East, ID: 00-0033119)"
WAS,WR,00-0033282,C.Samuel,NFC,NFC East,"WR, WAS: C.Samuel (NFC East, ID: 00-0033282)"
WAS,RB,00-0033296,A.Armah,NFC,NFC East,"RB, WAS: A.Armah (NFC East, ID: 00-0033296)"
WAS,WR,00-0033481,M.Kemp,NFC,NFC East,"WR, WAS: M.Kemp (NFC East, ID: 00-0033481)"
WAS,WR,00-0034297,B.Pringle,NFC,NFC East,"WR, WAS: B.Pringle (NFC East, ID: 00-0034297)"
WAS,TE,00-0034988,K.Smith,NFC,NFC East,"TE, WAS: K.Smith (NFC East, ID: 00-0034988)"
WAS,WR,00-0035101,D.Davis,NFC,NFC East,"WR, WAS: D.Davis (NFC East, ID: 00-0035101)"
WAS,TE,00-0035102,B.Dillon,NFC,NFC East,"TE, WAS: B.Dillon (NFC East, ID: 00-0035102)"
WAS,K,00-0035192,J.Slye,NFC,NFC East,"K, WAS: J.Slye (NFC East, ID: 00-0035192)"
WAS,WR,00-0035659,T.McLaurin,NFC,NFC East,"WR, WAS: T.McLaurin (NFC East, ID: 00-0035659)"
WAS,RB,00-0035715,D.Gore,NFC,NFC East,"RB, WAS: D.Gore (NFC East, ID: 00-0035715)"
WAS,QB,00-0036197,W.Fromm,NFC,NFC East,"QB, WAS: W.Fromm (NFC East, ID: 00-0036197)"
WAS,RB,00-0036328,A.Gibson,NFC,NFC East,"RB, WAS: A.Gibson (NFC East, ID: 00-0036328)"
WAS,WR,00-0036626,D.Brown,NFC,NFC East,"WR, WAS: D.Brown (NFC East, ID: 00-0036626)"
WAS,TE,00-0036628,J.Bates,NFC,NFC East,"TE, WAS: J.Bates (NFC East, ID: 00-0036628)"
WAS,WR,00-0036671,D.Milne,NFC,NFC East,"WR, WAS: D.Milne (NFC East, ID: 00-0036671)"
WAS,RB,00-0036755,J.Patterson,NFC,NFC East,"RB, WAS: J.Patterson (NFC East, ID: 00-0036755)"
WAS,QB,00-0037077,S.Howell,NFC,NFC East,"QB, WAS: S.Howell (NFC East, ID: 00-0037077)"
WAS,TE,00-0037078,C.Turner,NFC,NFC East,"TE, WAS: C.Turner (NFC East, ID: 00-0037078)"
WAS,TE,00-0037164,C.Hodges,NFC,NFC East,"TE, WAS: C.Hodges (NFC East, ID: 00-0037164)"
WAS,TE,00-0037168,A.Rogers,NFC,NFC East,"TE, WAS: A.Rogers (NFC East, ID: 00-0037168)"
WAS,WR,00-0037172,K.McGowan,NFC,NFC East,"WR, WAS: K.McGowan (NFC East, ID: 00-0037172)"
WAS,WR,00-0037741,J.Dotson,NFC,NFC East,"WR, WAS: J.Dotson (NFC East, ID: 00-0037741)"
WAS,RB,00-0037746,B.Robinson,NFC,NFC East,"RB, WAS: B.Robinson (NFC East, ID: 00-0037746)"
WAS,RB,00-0038611,C.Rodriguez,NFC,NFC East,"RB, WAS: C.Rodriguez (NFC East, ID: 00-0038611)"
WAS,WR,00-0038830,K.Allen,NFC,NFC East,"WR, WAS: K.Allen (NFC East, ID: 00-0038830)"
WAS,WR,00-0038831,Z.Bowens,NFC,NFC East,"WR, WAS: Z.Bowens (NFC East, ID: 00-0038831)"
WAS,WR,00-0038839,M.Tinsley,NFC,NFC East,"WR, WAS: M.Tinsley (NFC East, ID: 00-0038839)"
WAS,WR,00-0038840,B.Tremayne,NFC,NFC East,"WR, WAS: B.Tremayne (NFC East, ID: 00-0038840)"
